"well","chemical","gene","CTvalue","replicate"
"A1","mir+vehcon","b-actin",19.17321,4
"B1","0.1um9p","b-actin",19.08597,4
"C1","1um9p","b-actin",19.21231,4
"D1","10um9p","b-actin",19.60229,4
"E1","20um9p","b-actin",19.02354,4
"F1","50um9p","b-actin",19.04029,4
"G1","mir+vehcon","b-actin",20.21035,4
"H1","mi","b-actin",18.53959,4
"A2","mir+vehcon","b-actin",19.50037,4
"B2","0.1um9p","b-actin",19.06762,4
"C2","1um9p","b-actin",19.2574,4
"D2","10um9p","b-actin",19.93453,4
"E2","20um9p","b-actin",19.10397,4
"F2","50um9p","b-actin",19.10075,4
"G2","mir+vehcon","b-actin",20.213,4
"H2","mi","b-actin",18.68623,4
"A3","mir+vehcon","b-actin",19.38672,4
"B3","0.1um9p","b-actin",19.16029,4
"C3","1um9p","b-actin",19.25049,4
"D3","10um9p","b-actin",19.59627,4
"E3","20um9p","b-actin",19.02992,4
"F3","50um9p","b-actin",19.06419,4
"G3","mir+vehcon","b-actin",20.17956,4
"H3","mi","b-actin",18.59752,4
"A4","mir+vehcon","CYP1A1",37.25228,4
"B4","0.1um9p","CYP1A1",35.34693,4
"C4","1um9p","CYP1A1",35.15032,4
"D4","10um9p","CYP1A1",35.11151,4
"E4","20um9p","CYP1A1",35.65873,4
"F4","50um9p","CYP1A1",34.72698,4
"G4","mir+vehcon","CYP1A1",36.13321,4
"H4","mi","CYP1A1",36.7148,4
"A5","mir+vehcon","CYP1A1",39.06299,4
"B5","0.1um9p","CYP1A1",36.42836,4
"C5","1um9p","CYP1A1",35.24697,4
"D5","10um9p","CYP1A1",35.25846,4
"E5","20um9p","CYP1A1",35.32987,4
"F5","50um9p","CYP1A1",34.86904,4
"G5","mir+vehcon","CYP1A1",36.12462,4
"H5","mi","CYP1A1",38.0085,4
"A6","mir+vehcon","CYP1A1",37.84176,4
"B6","0.1um9p","CYP1A1",35.12843,4
"C6","1um9p","CYP1A1",35.3372,4
"D6","10um9p","CYP1A1",36.96243,4
"E6","20um9p","CYP1A1",34.42156,4
"F6","50um9p","CYP1A1",35.18468,4
"G6","mir+vehcon","CYP1A1",35.43069,4
"H6","mi","CYP1A1",37.52465,4
"A7","mir+vehcon","FABP4",18.13556,4
"B7","0.1um9p","FABP4",18.66122,4
"C7","1um9p","FABP4",18.33161,4
"D7","10um9p","FABP4",18.48863,4
"E7","20um9p","FABP4",18.8439,4
"F7","50um9p","FABP4",19.24091,4
"G7","mir+vehcon","FABP4",19.47122,4
"H7","mi","FABP4",23.10566,4
"A8","mir+vehcon","FABP4",18.08962,4
"B8","0.1um9p","FABP4",18.41896,4
"C8","1um9p","FABP4",18.75693,4
"D8","10um9p","FABP4",18.52957,4
"E8","20um9p","FABP4",18.58966,4
"F8","50um9p","FABP4",19.43167,4
"G8","mir+vehcon","FABP4",19.50625,4
"H8","mi","FABP4",22.45909,4
"A9","mir+vehcon","FABP4",18.0994,4
"B9","0.1um9p","FABP4",18.2986,4
"C9","1um9p","FABP4",18.48779,4
"D9","10um9p","FABP4",18.33767,4
"E9","20um9p","FABP4",18.68968,4
"F9","50um9p","FABP4",19.19433,4
"G9","mir+vehcon","FABP4",19.40508,4
"H9","mi","FABP4",22.83017,4
"A10","mir+vehcon","PPARγ",22.70315,4
"B10","0.1um9p","PPARγ",22.66616,4
"C10","1um9p","PPARγ",22.84686,4
"D10","10um9p","PPARγ",23.33959,4
"E10","20um9p","PPARγ",23.25953,4
"F10","50um9p","PPARγ",24.11026,4
"G10","mir+vehcon","PPARγ",23.68499,4
"H10","mi","PPARγ",25.00532,4
"A11","mir+vehcon","PPARγ",22.71398,4
"B11","0.1um9p","PPARγ",22.59992,4
"C11","1um9p","PPARγ",22.78378,4
"D11","10um9p","PPARγ",23.23675,4
"E11","20um9p","PPARγ",23.2545,4
"F11","50um9p","PPARγ",24.12882,4
"G11","mir+vehcon","PPARγ",23.74791,4
"H11","mi","PPARγ",24.985,4
"A12","mir+vehcon","PPARγ",23.25539,4
"B12","0.1um9p","PPARγ",22.76303,4
"C12","1um9p","PPARγ",23.01177,4
"D12","10um9p","PPARγ",23.44268,4
"E12","20um9p","PPARγ",25.50366,4
"F12","50um9p","PPARγ",25.71806,4
"G12","mir+vehcon","PPARγ",23.50845,4
"H12","mi","PPARγ",25.04128,4
"A1","mir+vehcon","b-actin",20.28245,4
"B1","0.1um9p","b-actin",19.49208,4
"C1","1um9p","b-actin",20.73953,4
"D1","10um9p","b-actin",19.91662,4
"E1","20um9p","b-actin",20.51264,4
"G1","50um9p","b-actin",19.87589,4
"A2","mir+vehcon","b-actin",21.24699,4
"B2","0.1um9p","b-actin",19.40929,4
"C2","1um9p","b-actin",19.65303,4
"D2","10um9p","b-actin",19.87204,4
"E2","20um9p","b-actin",20.40178,4
"G2","50um9p","b-actin",20.04194,4
"A3","mir+vehcon","b-actin",19.9616,4
"B3","0.1um9p","b-actin",19.38645,4
"C3","1um9p","b-actin",19.58545,4
"D3","10um9p","b-actin",19.88618,4
"E3","20um9p","b-actin",20.32383,4
"G3","50um9p","b-actin",19.65022,4
"A4","mir+vehcon","Resistin",28.14001,4
"B4","0.1um9p","Resistin",27.49526,4
"C4","1um9p","Resistin",27.6882,4
"D4","10um9p","Resistin",27.16052,4
"E4","20um9p","Resistin",27.47402,4
"G4","50um9p","Resistin",27.06563,4
"A5","mir+vehcon","Resistin",28.16704,4
"B5","0.1um9p","Resistin",27.25613,4
"C5","1um9p","Resistin",27.61093,4
"D5","10um9p","Resistin",27.10236,4
"E5","20um9p","Resistin",27.09413,4
"G5","50um9p","Resistin",27.0618,4
"A6","mir+vehcon","Resistin",27.77242,4
"B6","0.1um9p","Resistin",27.73697,4
"C6","1um9p","Resistin",27.76381,4
"D6","10um9p","Resistin",27.14204,4
"E6","20um9p","Resistin",27.65814,4
"G6","50um9p","Resistin",27.12607,4
"A7","mir+vehcon","AhR",20.82911,4
"B7","0.1um9p","AhR",20.40727,4
"C7","1um9p","AhR",20.68949,4
"D7","10um9p","AhR",21.08487,4
"E7","20um9p","AhR",22.91295,4
"G7","50um9p","AhR",23.2585,4
"A8","mir+vehcon","AhR",20.8214,4
"B8","0.1um9p","AhR",20.4671,4
"C8","1um9p","AhR",20.65564,4
"D8","10um9p","AhR",21.034,4
"E8","20um9p","AhR",22.42471,4
"G8","50um9p","AhR",23.09363,4
"A9","mir+vehcon","AhR",21.07896,4
"B9","0.1um9p","AhR",20.39478,4
"C9","1um9p","AhR",20.48832,4
"D9","10um9p","AhR",20.91394,4
"E9","20um9p","AhR",22.29743,4
"G9","50um9p","AhR",23.05978,4
"A1","mir+vehcon","b-actin",18.73201,5
"B1","0.1um9p","b-actin",19.55776,5
"C1","1um9p","b-actin",18.53706,5
"D1","10um9p","b-actin",18.44914,5
"E1","20um9p","b-actin",18.29691,5
"F1","50um9p","b-actin",18.54827,5
"G1","20umbap","b-actin",18.31716,5
"A2","mir+vehcon","b-actin",19.28804,5
"B2","0.1um9p","b-actin",19.54456,5
"C2","1um9p","b-actin",19.07662,5
"D2","10um9p","b-actin",18.87263,5
"E2","20um9p","b-actin",18.62065,5
"F2","50um9p","b-actin",18.7672,5
"G2","20umbap","b-actin",18.1388,5
"A3","mir+vehcon","b-actin",18.72853,5
"B3","0.1um9p","b-actin",19.76697,5
"C3","1um9p","b-actin",18.58221,5
"D3","10um9p","b-actin",19.11548,5
"E3","20um9p","b-actin",18.61968,5
"F3","50um9p","b-actin",19.18449,5
"G3","20umbap","b-actin",18.33581,5
"A4","mir+vehcon","FABP4",19.40359,5
"B4","0.1um9p","FABP4",18.50483,5
"C4","1um9p","FABP4",19.21995,5
"D4","10um9p","FABP4",19.02539,5
"E4","20um9p","FABP4",21.03704,5
"F4","50um9p","FABP4",19.23512,5
"G4","20umbap","FABP4",30.85303,5
"A5","mir+vehcon","FABP4",19.4987,5
"B5","0.1um9p","FABP4",19.27394,5
"C5","1um9p","FABP4",19.33832,5
"D5","10um9p","FABP4",19.16789,5
"E5","20um9p","FABP4",19.18035,5
"F5","50um9p","FABP4",19.48735,5
"G5","20umbap","FABP4",31.01099,5
"A6","mir+vehcon","FABP4",20.10049,5
"B6","0.1um9p","FABP4",19.71298,5
"C6","1um9p","FABP4",18.60906,5
"D6","10um9p","FABP4",20.01077,5
"E6","20um9p","FABP4",20.15957,5
"F6","50um9p","FABP4",21.04216,5
"G6","20umbap","FABP4",30.12619,5
"A7","mir+vehcon","Resistin",21.48501,5
"B7","0.1um9p","Resistin",22.11095,5
"C7","1um9p","Resistin",21.88181,5
"D7","10um9p","Resistin",22.14323,5
"E7","20um9p","Resistin",21.85127,5
"F7","50um9p","Resistin",23.24588,5
"G7","20umbap","Resistin",33.39889,5
"A8","mir+vehcon","Resistin",22.1784,5
"B8","0.1um9p","Resistin",22.27975,5
"C8","1um9p","Resistin",21.95984,5
"D8","10um9p","Resistin",22.21612,5
"E8","20um9p","Resistin",22.00713,5
"F8","50um9p","Resistin",23.46221,5
"G8","20umbap","Resistin",32.89627,5
"A9","mir+vehcon","Resistin",21.76763,5
"B9","0.1um9p","Resistin",21.10926,5
"C9","1um9p","Resistin",21.3963,5
"D9","10um9p","Resistin",21.60074,5
"E9","20um9p","Resistin",22.03309,5
"F9","50um9p","Resistin",23.04302,5
"G9","20umbap","Resistin",32.30932,5
"A10","mir+vehcon","AhR",27.37764,5
"B10","0.1um9p","AhR",27.87883,5
"C10","1um9p","AhR",27.02696,5
"D10","10um9p","AhR",27.04526,5
"E10","20um9p","AhR",26.57275,5
"F10","50um9p","AhR",26.64092,5
"G10","20umbap","AhR",25.31885,5
"A11","mir+vehcon","AhR",27.55351,5
"B11","0.1um9p","AhR",27.83626,5
"C11","1um9p","AhR",27.08631,5
"D11","10um9p","AhR",26.88211,5
"E11","20um9p","AhR",26.68445,5
"F11","50um9p","AhR",26.91524,5
"G11","20umbap","AhR",25.71146,5
"A12","mir+vehcon","AhR",27.28894,5
"B12","0.1um9p","AhR",28.11008,5
"C12","1um9p","AhR",27.1045,5
"D12","10um9p","AhR",27.05516,5
"E12","20um9p","AhR",26.55483,5
"F12","50um9p","AhR",26.82234,5
"G12","20umbap","AhR",25.45,5
"A1","mir+vehcon","b-actin",19.10053,5
"B1","0.1um9p","b-actin",19.03675,5
"C1","1um9p","b-actin",18.68549,5
"D1","10um9p","b-actin",18.61376,5
"E1","20um9p","b-actin",18.43932,5
"G1","50um9p","b-actin",18.29345,5
"H1","20umbap","b-actin",18.32418,5
"A2","mir+vehcon","b-actin",18.23792,5
"B2","0.1um9p","b-actin",19.08844,5
"C2","1um9p","b-actin",18.63344,5
"D2","10um9p","b-actin",18.53637,5
"E2","20um9p","b-actin",18.43853,5
"G2","50um9p","b-actin",18.09502,5
"H2","20umbap","b-actin",18.23952,5
"A3","mir+vehcon","b-actin",18.09479,5
"B3","0.1um9p","b-actin",18.87829,5
"C3","1um9p","b-actin",18.54332,5
"D3","10um9p","b-actin",18.43681,5
"E3","20um9p","b-actin",18.32709,5
"G3","50um9p","b-actin",18.16213,5
"H3","20umbap","b-actin",18.20968,5
"A4","mir+vehcon","PPARγ",17.45839,5
"B4","0.1um9p","PPARγ",17.32543,5
"C4","1um9p","PPARγ",17.81503,5
"D4","10um9p","PPARγ",18.14731,5
"E4","20um9p","PPARγ",18.38198,5
"G4","50um9p","PPARγ",18.69393,5
"H4","20umbap","PPARγ",28.58712,5
"A5","mir+vehcon","PPARγ",17.37387,5
"B5","0.1um9p","PPARγ",17.28254,5
"C5","1um9p","PPARγ",17.75683,5
"D5","10um9p","PPARγ",18.09232,5
"E5","20um9p","PPARγ",18.24621,5
"G5","50um9p","PPARγ",18.63044,5
"H5","20umbap","PPARγ",28.57482,5
"A6","mir+vehcon","PPARγ",17.3429,5
"B6","0.1um9p","PPARγ",17.2318,5
"C6","1um9p","PPARγ",17.66874,5
"D6","10um9p","PPARγ",18.04612,5
"E6","20um9p","PPARγ",18.25379,5
"G6","50um9p","PPARγ",18.53266,5
"H6","20umbap","PPARγ",28.73291,5
"A7","mir+vehcon","FABP4",21.70532,5
"B7","0.1um9p","FABP4",22.09655,5
"C7","1um9p","FABP4",22.2172,5
"D7","10um9p","FABP4",22.32792,5
"E7","20um9p","FABP4",22.62927,5
"G7","50um9p","FABP4",22.70033,5
"H7","20umbap","FABP4",24.17755,5
"A8","mir+vehcon","FABP4",21.68281,5
"B8","0.1um9p","FABP4",22.16443,5
"C8","1um9p","FABP4",22.15756,5
"D8","10um9p","FABP4",22.4526,5
"E8","20um9p","FABP4",22.70452,5
"G8","50um9p","FABP4",22.67073,5
"H8","20umbap","FABP4",24.2457,5
"A9","mir+vehcon","FABP4",21.6991,5
"B9","0.1um9p","FABP4",22.20494,5
"C9","1um9p","FABP4",22.18638,5
"D9","10um9p","FABP4",22.48753,5
"E9","20um9p","FABP4",22.62995,5
"G9","50um9p","FABP4",22.70892,5
"H9","20umbap","FABP4",24.29436,5
"B1","0.1um9p","b-actin",21.12592,6
"C1","1um9p","b-actin",20.06944,6
"D1","10um9p","b-actin",20.0067,6
"E1","20um9p","b-actin",19.57988,6
"F1","50um9p","b-actin",19.35751,6
"G1","20umbap","b-actin",19.001,6
"A2","mir+vehcon","b-actin",19.58045,6
"B2","0.1um9p","b-actin",20.85087,6
"C2","1um9p","b-actin",20.15335,6
"D2","10um9p","b-actin",20.10932,6
"E2","20um9p","b-actin",19.54331,6
"F2","50um9p","b-actin",19.63836,6
"G2","20umbap","b-actin",18.74478,6
"A3","mir+vehcon","b-actin",19.39971,6
"B3","0.1um9p","b-actin",20.83164,6
"C3","1um9p","b-actin",19.68178,6
"D3","10um9p","b-actin",19.60024,6
"E3","20um9p","b-actin",19.56908,6
"F3","50um9p","b-actin",19.15371,6
"G3","20umbap","b-actin",19.16981,6
"A4","mir+vehcon","FABP4",19.08987,6
"B4","0.1um9p","FABP4",19.81862,6
"C4","1um9p","FABP4",19.90325,6
"D4","10um9p","FABP4",19.78928,6
"E4","20um9p","FABP4",19.7535,6
"F4","50um9p","FABP4",19.83132,6
"G4","20umbap","FABP4",30.558,6
"A5","mir+vehcon","FABP4",19.45492,6
"B5","0.1um9p","FABP4",19.86601,6
"C5","1um9p","FABP4",19.93489,6
"D5","10um9p","FABP4",19.8238,6
"E5","20um9p","FABP4",19.39507,6
"F5","50um9p","FABP4",19.89509,6
"G5","20umbap","FABP4",31.23311,6
"A6","mir+vehcon","FABP4",19.82996,6
"B6","0.1um9p","FABP4",19.82829,6
"C6","1um9p","FABP4",20.09149,6
"D6","10um9p","FABP4",19.74884,6
"E6","20um9p","FABP4",19.86832,6
"F6","50um9p","FABP4",22.59088,6
"G6","20umbap","FABP4",30.74927,6
"A7","mir+vehcon","Resistin",21.05393,6
"B7","0.1um9p","Resistin",22.31382,6
"C7","1um9p","Resistin",21.7921,6
"D7","10um9p","Resistin",22.09304,6
"E7","20um9p","Resistin",22.04389,6
"F7","50um9p","Resistin",22.85899,6
"G7","20umbap","Resistin",32.81246,6
"A8","mir+vehcon","Resistin",21.75614,6
"B8","0.1um9p","Resistin",22.37659,6
"C8","1um9p","Resistin",22.01944,6
"D8","10um9p","Resistin",22.1071,6
"E8","20um9p","Resistin",22.09645,6
"F8","50um9p","Resistin",22.90184,6
"G8","20umbap","Resistin",33.2429,6
"A9","mir+vehcon","Resistin",21.45359,6
"B9","0.1um9p","Resistin",22.35174,6
"C9","1um9p","Resistin",22.09063,6
"D9","10um9p","Resistin",22.14307,6
"E9","20um9p","Resistin",22.21246,6
"F9","50um9p","Resistin",27.15723,6
"G9","20umbap","Resistin",33.77997,6
"A10","mir+vehcon","AhR",27.42238,6
"B10","0.1um9p","AhR",28.83028,6
"C10","1um9p","AhR",28.02594,6
"D10","10um9p","AhR",27.8391,6
"E10","20um9p","AhR",27.52601,6
"F10","50um9p","AhR",27.09741,6
"G10","20umbap","AhR",25.2567,6
"A11","mir+vehcon","AhR",27.44212,6
"B11","0.1um9p","AhR",28.77577,6
"C11","1um9p","AhR",28.2463,6
"D11","10um9p","AhR",27.59931,6
"E11","20um9p","AhR",27.78589,6
"F11","50um9p","AhR",27.52869,6
"G11","20umbap","AhR",25.18985,6
"A12","mir+vehcon","AhR",27.66349,6
"B12","0.1um9p","AhR",29.24242,6
"C12","1um9p","AhR",28.18433,6
"D12","10um9p","AhR",27.71059,6
"E12","20um9p","AhR",27.60689,6
"F12","50um9p","AhR",27.52869,6
"G12","20umbap","AhR",25.3138,6
"A1","mir+vehcon","b-actin",20.28245,6
"B1","0.1um9p","b-actin",19.49208,6
"C1","1um9p","b-actin",20.73953,6
"D1","10um9p","b-actin",19.91662,6
"E1","20um9p","b-actin",20.51264,6
"G1","50um9p","b-actin",19.87589,6
"A2","mir+vehcon","b-actin",21.24699,6
"B2","0.1um9p","b-actin",19.40929,6
"C2","1um9p","b-actin",19.65303,6
"D2","10um9p","b-actin",19.87204,6
"E2","20um9p","b-actin",20.40178,6
"G2","50um9p","b-actin",20.04194,6
"A3","mir+vehcon","b-actin",19.9616,6
"B3","0.1um9p","b-actin",19.38645,6
"C3","1um9p","b-actin",19.58545,6
"D3","10um9p","b-actin",19.88618,6
"E3","20um9p","b-actin",20.32383,6
"G3","50um9p","b-actin",19.65022,6
"A4","mir+vehcon","Resistin",28.14001,6
"B4","0.1um9p","Resistin",27.49526,6
"C4","1um9p","Resistin",27.6882,6
"D4","10um9p","Resistin",27.16052,6
"E4","20um9p","Resistin",27.47402,6
"G4","50um9p","Resistin",27.06563,6
"A5","mir+vehcon","Resistin",28.16704,6
"B5","0.1um9p","Resistin",27.25613,6
"C5","1um9p","Resistin",27.61093,6
"D5","10um9p","Resistin",27.10236,6
"E5","20um9p","Resistin",27.09413,6
"G5","50um9p","Resistin",27.0618,6
"A6","mir+vehcon","Resistin",27.77242,6
"B6","0.1um9p","Resistin",27.73697,6
"C6","1um9p","Resistin",27.76381,6
"D6","10um9p","Resistin",27.14204,6
"E6","20um9p","Resistin",27.65814,6
"G6","50um9p","Resistin",27.12607,6
"A7","mir+vehcon","AhR",20.82911,6
"B7","0.1um9p","AhR",20.40727,6
"C7","1um9p","AhR",20.68949,6
"D7","10um9p","AhR",21.08487,6
"E7","20um9p","AhR",22.91295,6
"G7","50um9p","AhR",23.2585,6
"A8","mir+vehcon","AhR",20.8214,6
"B8","0.1um9p","AhR",20.4671,6
"C8","1um9p","AhR",20.65564,6
"D8","10um9p","AhR",21.034,6
"E8","20um9p","AhR",22.42471,6
"G8","50um9p","AhR",23.09363,6
"A9","mir+vehcon","AhR",21.07896,6
"B9","0.1um9p","AhR",20.39478,6
"C9","1um9p","AhR",20.48832,6
"D9","10um9p","AhR",20.91394,6
"E9","20um9p","AhR",22.29743,6
"G9","50um9p","AhR",23.05978,6
"A1","mir+vehcon","b-actin",18.2801,6
"B1","0.1um9p","b-actin",18.51581,6
"C1","1um9p","b-actin",18.20863,6
"D1","10um9p","b-actin",19.36018,6
"E1","20um9p","b-actin",20.20646,6
"G1","50um9p","b-actin",19.17509,6
"A2","mir+vehcon","b-actin",18.22967,6
"B2","0.1um9p","b-actin",18.5326,6
"C2","1um9p","b-actin",18.14283,6
"D2","10um9p","b-actin",19.17349,6
"E2","20um9p","b-actin",20.15624,6
"G2","50um9p","b-actin",19.08913,6
"A3","mir+vehcon","b-actin",18.22641,6
"B3","0.1um9p","b-actin",18.43528,6
"C3","1um9p","b-actin",18.16849,6
"D3","10um9p","b-actin",19.24544,6
"E3","20um9p","b-actin",20.18022,6
"G3","50um9p","b-actin",19.11149,6
"A4","mir+vehcon","FABP4",16.93835,6
"B4","0.1um9p","FABP4",17.49551,6
"C4","1um9p","FABP4",17.84785,6
"D4","10um9p","FABP4",17.39482,6
"E4","20um9p","FABP4",18.20867,6
"G4","50um9p","FABP4",18.13414,6
"A5","mir+vehcon","FABP4",16.90999,6
"B5","0.1um9p","FABP4",17.41204,6
"C5","1um9p","FABP4",17.79875,6
"D5","10um9p","FABP4",17.32337,6
"E5","20um9p","FABP4",18.20376,6
"G5","50um9p","FABP4",18.20798,6
"A6","mir+vehcon","FABP4",16.8525,6
"B6","0.1um9p","FABP4",17.39615,6
"C6","1um9p","FABP4",17.72562,6
"D6","10um9p","FABP4",17.40032,6
"E6","20um9p","FABP4",18.28621,6
"G6","50um9p","FABP4",18.19087,6
"A7","mir+vehcon","PPARγ",21.12545,6
"B7","0.1um9p","PPARγ",21.52853,6
"C7","1um9p","PPARγ",21.68508,6
"D7","10um9p","PPARγ",22.21007,6
"E7","20um9p","PPARγ",23.29183,6
"G7","50um9p","PPARγ",22.72471,6
"A8","mir+vehcon","PPARγ",21.16067,6
"B8","0.1um9p","PPARγ",21.55076,6
"C8","1um9p","PPARγ",21.66128,6
"D8","10um9p","PPARγ",22.18615,6
"E8","20um9p","PPARγ",23.31468,6
"G8","50um9p","PPARγ",22.82386,6
"A9","mir+vehcon","PPARγ",21.2564,6
"B9","0.1um9p","PPARγ",21.62726,6
"C9","1um9p","PPARγ",21.63942,6
"D9","10um9p","PPARγ",22.25384,6
"E9","20um9p","PPARγ",23.39415,6
"G9","50um9p","PPARγ",22.83642,6
"A1","mir+vehcon","b-actin",19.87649,4
"B1","0.1umphe","b-actin",19.14545,4
"C1","1umphe","b-actin",18.93494,4
"D1","10umphe","b-actin",19.06051,4
"E1","20umphe","b-actin",19.03915,4
"G1","50umphe","b-actin",21.20436,4
"H1","20umbap","b-actin",17.61805,4
"A2","mir+vehcon","b-actin",18.09192,4
"B2","0.1umphe","b-actin",18.22349,4
"C2","1umphe","b-actin",18.30967,4
"D2","10umphe","b-actin",18.74782,4
"E2","20umphe","b-actin",18.53699,4
"G2","50umphe","b-actin",21.88034,4
"H2","20umbap","b-actin",17.65588,4
"A3","mir+vehcon","CYP1A1",36.10386,4
"B3","0.1umphe","CYP1A1",36.0576,4
"C3","1umphe","CYP1A1",35.07301,4
"D3","10umphe","CYP1A1",34.45575,4
"E3","20umphe","CYP1A1",35.08394,4
"G3","50umphe","CYP1A1",36.05328,4
"H3","20umbap","b-actin",18.31174,4
"A4","mir+vehcon","CYP1A1",34.16069,4
"B4","0.1umphe","CYP1A1",35.23404,4
"C4","1umphe","CYP1A1",35.72773,4
"D4","10umphe","CYP1A1",35.69763,4
"E4","20umphe","CYP1A1",36.40811,4
"G4","50umphe","CYP1A1",34.33196,4
"H4","20umbap","CYP1A1",25.51471,4
"A5","mir+vehcon","CYP1A1",37.32474,4
"B5","0.1umphe","CYP1A1",35.47416,4
"C5","1umphe","CYP1A1",34.48629,4
"D5","10umphe","CYP1A1",34.23437,4
"E5","20umphe","CYP1A1",34.17276,4
"G5","50umphe","CYP1A1",34.27685,4
"H5","20umbap","CYP1A1",25.40096,4
"A6","mir+vehcon","FABP4",17.47028,4
"B6","0.1umphe","FABP4",17.6938,4
"C6","1umphe","FABP4",17.47196,4
"D6","10umphe","FABP4",17.16375,4
"E6","20umphe","FABP4",17.31104,4
"G6","50umphe","FABP4",18.48759,4
"H6","20umbap","CYP1A1",25.99111,4
"A7","mir+vehcon","FABP4",18.17181,4
"B7","0.1umphe","FABP4",17.85769,4
"C7","1umphe","FABP4",17.60791,4
"D7","10umphe","FABP4",17.4966,4
"E7","20umphe","FABP4",17.66244,4
"G7","50umphe","FABP4",18.51015,4
"H7","20umbap","FABP4",29.98036,4
"A8","mir+vehcon","FABP4",18.19108,4
"B8","0.1umphe","FABP4",17.99927,4
"C8","1umphe","FABP4",17.53581,4
"D8","10umphe","FABP4",17.4692,4
"E8","20umphe","FABP4",17.68264,4
"G8","50umphe","FABP4",19.599,4
"H8","20umbap","FABP4",30.02553,4
"A9","mir+vehcon","PPARγ",21.08797,4
"B9","0.1umphe","PPARγ",21.69792,4
"C9","1umphe","PPARγ",21.85899,4
"D9","10umphe","PPARγ",21.53088,4
"E9","20umphe","PPARγ",21.86137,4
"G9","50umphe","PPARγ",22.49337,4
"H9","20umbap","FABP4",30.41446,4
"A10","mir+vehcon","PPARγ",21.75447,4
"B10","0.1umphe","PPARγ",21.91324,4
"C10","1umphe","PPARγ",22.07057,4
"D10","10umphe","PPARγ",21.85621,4
"E10","20umphe","PPARγ",22.08036,4
"G10","50umphe","PPARγ",22.08572,4
"H10","20umbap","PPARγ",27.24322,4
"A11","mir+vehcon","PPARγ",21.18505,4
"B11","0.1umphe","PPARγ",21.82174,4
"C11","1umphe","PPARγ",22.08705,4
"D11","10umphe","PPARγ",21.64257,4
"E11","20umphe","PPARγ",21.71778,4
"G11","50umphe","PPARγ",21.6669,4
"H11","20umbap","PPARγ",25.94402,4
"H12","20umbap","PPARγ",26.25007,4
"A1","mir+vehcon","b-actin",18.56182,4
"B1","0.1umphe","b-actin",19.20343,4
"C1","1umphe","b-actin",19.0865,4
"D1","10umphe","b-actin",19.30983,4
"E1","20umphe","b-actin",18.80081,4
"G1","50umphe","b-actin",18.6156,4
"A2","mir+vehcon","b-actin",18.67498,4
"B2","0.1umphe","b-actin",19.14271,4
"C2","1umphe","b-actin",19.08675,4
"D2","10umphe","b-actin",18.69241,4
"E2","20umphe","b-actin",18.56212,4
"G2","50umphe","b-actin",18.97569,4
"A3","mir+vehcon","b-actin",19.75783,4
"B3","0.1umphe","b-actin",19.22346,4
"C3","1umphe","b-actin",19.08866,4
"D3","10umphe","b-actin",18.83048,4
"E3","20umphe","b-actin",18.86535,4
"G3","50umphe","b-actin",18.42191,4
"A4","mir+vehcon","AhR",20.4299,4
"B4","0.1umphe","AhR",20.67296,4
"C4","1umphe","AhR",20.4499,4
"D4","10umphe","AhR",20.04982,4
"E4","20umphe","AhR",20.18138,4
"G4","50umphe","AhR",21.05401,4
"A5","mir+vehcon","AhR",20.31359,4
"B5","0.1umphe","AhR",20.69063,4
"C5","1umphe","AhR",20.39502,4
"D5","10umphe","AhR",20.11382,4
"E5","20umphe","AhR",20.16407,4
"G5","50umphe","AhR",20.93771,4
"A6","mir+vehcon","AhR",20.28727,4
"B6","0.1umphe","AhR",20.71584,4
"C6","1umphe","AhR",20.41592,4
"D6","10umphe","AhR",19.98964,4
"E6","20umphe","AhR",20.05663,4
"G6","50umphe","AhR",21.13297,4
"A7","mir+vehcon","Resistin",26.92796,4
"B7","0.1umphe","Resistin",27.05135,4
"C7","1umphe","Resistin",27.07749,4
"D7","10umphe","Resistin",26.67923,4
"E7","20umphe","Resistin",27.01828,4
"G7","50umphe","Resistin",26.641,4
"A8","mir+vehcon","Resistin",27.28796,4
"B8","0.1umphe","Resistin",26.9639,4
"C8","1umphe","Resistin",27.14179,4
"D8","10umphe","Resistin",26.69163,4
"E8","20umphe","Resistin",27.08055,4
"G8","50umphe","Resistin",26.6946,4
"A9","mir+vehcon","Resistin",26.94339,4
"B9","0.1umphe","Resistin",27.06888,4
"C9","1umphe","Resistin",27.11205,4
"D9","10umphe","Resistin",26.59674,4
"E9","20umphe","Resistin",26.58367,4
"G9","50umphe","Resistin",26.55235,4
"A1","mir+vehcon","b-actin",19.23245,4
"B1","0.1umphe","b-actin",19.47851,4
"C1","1umphe","b-actin",19.68391,4
"D1","10umphe","b-actin",20.00702,4
"E1","20umphe","b-actin",19.8986,4
"G1","50umphe","b-actin",19.5853,4
"A2","mir+vehcon","b-actin",21.44232,4
"B2","0.1umphe","b-actin",20.93851,4
"C2","1umphe","b-actin",20.65919,4
"D2","10umphe","b-actin",20.9333,4
"E2","20umphe","b-actin",20.98588,4
"G2","50umphe","b-actin",21.80549,4
"A3","mir+vehcon","b-actin",21.22311,4
"B3","0.1umphe","b-actin",21.04848,4
"C3","1umphe","b-actin",20.30006,4
"D3","10umphe","b-actin",21.07318,4
"E3","20umphe","b-actin",21.14887,4
"G3","50umphe","b-actin",21.70362,4
"A4","mir+vehcon","FABP4",22.01811,4
"B4","0.1umphe","FABP4",21.55623,4
"C4","1umphe","FABP4",20.19116,4
"D4","10umphe","FABP4",20.59729,4
"E4","20umphe","FABP4",20.69825,4
"G4","50umphe","FABP4",21.71389,4
"A5","mir+vehcon","FABP4",22.03204,4
"B5","0.1umphe","FABP4",21.26389,4
"C5","1umphe","FABP4",20.58797,4
"D5","10umphe","FABP4",20.85255,4
"E5","20umphe","FABP4",21.41507,4
"G5","50umphe","FABP4",21.33689,4
"A6","mir+vehcon","FABP4",21.3033,4
"B6","0.1umphe","FABP4",20.21733,4
"C6","1umphe","FABP4",19.96951,4
"D6","10umphe","FABP4",20.19143,4
"E6","20umphe","FABP4",20.99667,4
"G6","50umphe","FABP4",21.14096,4
"A7","mir+vehcon","PPARγ",24.25726,4
"B7","0.1umphe","PPARγ",24.26569,4
"C7","1umphe","PPARγ",24.00821,4
"D7","10umphe","PPARγ",23.9019,4
"E7","20umphe","PPARγ",24.3531,4
"G7","50umphe","PPARγ",23.69567,4
"A8","mir+vehcon","PPARγ",26.09393,4
"B8","0.1umphe","PPARγ",25.96858,4
"C8","1umphe","PPARγ",25.07028,4
"D8","10umphe","PPARγ",26.25723,4
"E8","20umphe","PPARγ",26.53327,4
"G8","50umphe","PPARγ",26.79025,4
"A9","mir+vehcon","PPARγ",24.00355,4
"B9","0.1umphe","PPARγ",23.75217,4
"C9","1umphe","PPARγ",24.10603,4
"D9","10umphe","PPARγ",23.57833,4
"E9","20umphe","PPARγ",24.09182,4
"G9","50umphe","PPARγ",24.15927,4
"A1","mir+vehcon","b-actin",19.10053,5
"B1","0.1umphe","b-actin",18.25289,5
"C1","1umphe","b-actin",18.83219,5
"D1","10umphe","b-actin",18.20719,5
"E1","20umphe","b-actin",18.25256,5
"G1","50umphe","b-actin",18.42127,5
"A2","mir+vehcon","b-actin",18.23792,5
"B2","0.1umphe","b-actin",17.91857,5
"C2","1umphe","b-actin",18.33077,5
"D2","10umphe","b-actin",17.70833,5
"E2","20umphe","b-actin",17.72992,5
"G2","50umphe","b-actin",18.07902,5
"A3","mir+vehcon","b-actin",18.09479,5
"B3","0.1umphe","b-actin",17.65326,5
"C3","1umphe","b-actin",18.20977,5
"D3","10umphe","b-actin",17.52759,5
"E3","20umphe","b-actin",17.62274,5
"G3","50umphe","b-actin",17.9866,5
"A4","mir+vehcon","FABP4",17.45839,5
"B4","0.1umphe","FABP4",17.10936,5
"C4","1umphe","FABP4",17.31254,5
"D4","10umphe","FABP4",16.89514,5
"E4","20umphe","FABP4",17.34566,5
"G4","50umphe","FABP4",17.03652,5
"A5","mir+vehcon","FABP4",17.37387,5
"B5","0.1umphe","FABP4",17.12356,5
"C5","1umphe","FABP4",17.24273,5
"D5","10umphe","FABP4",16.66138,5
"E5","20umphe","FABP4",17.30193,5
"G5","50umphe","FABP4",17.05231,5
"A6","mir+vehcon","FABP4",17.3429,5
"B6","0.1umphe","FABP4",17.20872,5
"C6","1umphe","FABP4",17.22381,5
"D6","10umphe","FABP4",16.85013,5
"E6","20umphe","FABP4",17.42568,5
"G6","50umphe","FABP4",17.16205,5
"A7","mir+vehcon","PPARγ",21.70532,5
"B7","0.1umphe","PPARγ",21.27554,5
"C7","1umphe","PPARγ",21.96466,5
"D7","10umphe","PPARγ",21.20903,5
"E7","20umphe","PPARγ",21.62768,5
"G7","50umphe","PPARγ",21.9179,5
"A8","mir+vehcon","PPARγ",21.68281,5
"B8","0.1umphe","PPARγ",21.44424,5
"C8","1umphe","PPARγ",22.02939,5
"D8","10umphe","PPARγ",21.32805,5
"E8","20umphe","PPARγ",21.80245,5
"G8","50umphe","PPARγ",22.04848,5
"A9","mir+vehcon","PPARγ",21.6991,5
"B9","0.1umphe","PPARγ",21.45906,5
"C9","1umphe","PPARγ",22.05146,5
"D9","10umphe","PPARγ",21.37116,5
"E9","20umphe","PPARγ",21.85984,5
"G9","50umphe","PPARγ",22.09036,5
"A1","mir+vehcon","b-actin",19.91975,5
"B1","0.1umphe","b-actin",19.94282,5
"C1","1umphe","b-actin",20.26206,5
"D1","10umphe","b-actin",20.75857,5
"E1","20umphe","b-actin",19.59681,5
"G1","50umphe","b-actin",20.36211,5
"A2","mir+vehcon","b-actin",19.84642,5
"B2","0.1umphe","b-actin",20.34544,5
"C2","1umphe","b-actin",20.16852,5
"D2","10umphe","b-actin",19.61213,5
"E2","20umphe","b-actin",19.89235,5
"G2","50umphe","b-actin",20.41584,5
"A3","mir+vehcon","FABP4",19.66728,5
"B3","0.1umphe","b-actin",19.57218,5
"C3","1umphe","b-actin",20.09596,5
"D3","10umphe","b-actin",20.15138,5
"E3","20umphe","b-actin",19.77371,5
"G3","50umphe","b-actin",20.2742,5
"A4","mir+vehcon","FABP4",19.55619,5
"B4","0.1umphe","FABP4",19.37004,5
"C4","1umphe","FABP4",19.50193,5
"D4","10umphe","FABP4",19.51941,5
"E4","20umphe","FABP4",20.30629,5
"G4","50umphe","FABP4",19.91364,5
"A5","mir+vehcon","FABP4",21.53426,5
"B5","0.1umphe","FABP4",19.68986,5
"C5","1umphe","FABP4",19.69042,5
"D5","10umphe","FABP4",19.42835,5
"E5","20umphe","FABP4",19.88039,5
"G5","50umphe","FABP4",19.77025,5
"A6","mir+vehcon","Resistin",22.21958,5
"B6","0.1umphe","FABP4",19.97496,5
"C6","1umphe","FABP4",19.12328,5
"D6","10umphe","FABP4",19.87158,5
"E6","20umphe","FABP4",19.63131,5
"G6","50umphe","FABP4",19.86618,5
"A7","mir+vehcon","Resistin",22.02109,5
"B7","0.1umphe","Resistin",21.38799,5
"C7","1umphe","Resistin",21.39559,5
"D7","10umphe","Resistin",21.73621,5
"E7","20umphe","Resistin",22.07306,5
"G7","50umphe","Resistin",22.47704,5
"A8","mir+vehcon","Resistin",27.86215,5
"B8","0.1umphe","Resistin",21.43952,5
"C8","1umphe","Resistin",21.54596,5
"D8","10umphe","Resistin",21.77634,5
"E8","20umphe","Resistin",22.50689,5
"G8","50umphe","Resistin",22.61726,5
"A9","mir+vehcon","AhR",27.76412,5
"B9","0.1umphe","Resistin",27.54698,5
"C9","1umphe","Resistin",27.86525,5
"D9","10umphe","Resistin",21.29902,5
"E9","20umphe","Resistin",22.26202,5
"G9","50umphe","Resistin",22.35127,5
"A10","mir+vehcon","AhR",27.87773,5
"B10","0.1umphe","AhR",27.80306,5
"C10","1umphe","AhR",27.7334,5
"D10","10umphe","AhR",27.25627,5
"E10","20umphe","AhR",27.03999,5
"G10","50umphe","AhR",27.48133,5
"B11","0.1umphe","AhR",27.62843,5
"C11","1umphe","AhR",27.73353,5
"D11","10umphe","AhR",27.41154,5
"E11","20umphe","AhR",27.00692,5
"G11","50umphe","AhR",27.53576,5
"D12","10umphe","AhR",27.31322,5
"E12","20umphe","AhR",27.37095,5
"G12","50umphe","AhR",27.23747,5
"A1","mir+vehcon","b-actin",19.5802,6
"B1","0.1umphe","b-actin",19.16818,6
"C1","1umphe","b-actin",19.08706,6
"D1","10umphe","b-actin",20.48099,6
"E1","20umphe","b-actin",21.07907,6
"G1","50umphe","b-actin",20.06888,6
"A2","mir+vehcon","b-actin",19.99575,6
"B2","0.1umphe","b-actin",19.51211,6
"C2","1umphe","b-actin",19.01772,6
"D2","10umphe","b-actin",20.37243,6
"E2","20umphe","b-actin",21.26752,6
"G2","50umphe","b-actin",20.27554,6
"A3","mir+vehcon","b-actin",19.89524,6
"B3","0.1umphe","FABP4",19.32904,6
"C3","1umphe","b-actin",19.08139,6
"D3","10umphe","b-actin",20.32342,6
"E3","20umphe","b-actin",21.16552,6
"G3","50umphe","b-actin",20.14606,6
"A4","mir+vehcon","FABP4",19.12178,6
"B4","0.1umphe","FABP4",19.39749,6
"C4","1umphe","FABP4",19.40734,6
"D4","10umphe","FABP4",19.0713,6
"E4","20umphe","FABP4",20.06143,6
"G4","50umphe","FABP4",19.88137,6
"A5","mir+vehcon","FABP4",19.07601,6
"B5","0.1umphe","FABP4",19.39748,6
"C5","1umphe","FABP4",19.44636,6
"D5","10umphe","FABP4",19.39697,6
"E5","20umphe","FABP4",20.03988,6
"G5","50umphe","FABP4",19.512,6
"A6","mir+vehcon","FABP4",19.06961,6
"B6","0.1umphe","Resistin",21.19334,6
"C6","1umphe","FABP4",19.34732,6
"D6","10umphe","FABP4",19.13635,6
"E6","20umphe","FABP4",20.08934,6
"G6","50umphe","FABP4",20.19165,6
"A7","mir+vehcon","Resistin",20.82304,6
"B7","0.1umphe","Resistin",21.40206,6
"C7","1umphe","Resistin",21.10324,6
"D7","10umphe","Resistin",21.47816,6
"E7","20umphe","Resistin",22.42287,6
"G7","50umphe","Resistin",22.48762,6
"A8","mir+vehcon","Resistin",21.43524,6
"B8","0.1umphe","Resistin",21.27274,6
"C8","1umphe","Resistin",21.10633,6
"D8","10umphe","Resistin",21.39509,6
"E8","20umphe","Resistin",22.56246,6
"G8","50umphe","Resistin",23.00406,6
"A9","mir+vehcon","Resistin",20.92041,6
"B9","0.1umphe","AhR",27.38345,6
"C9","1umphe","Resistin",21.19156,6
"D9","10umphe","Resistin",21.53312,6
"E9","20umphe","Resistin",22.6595,6
"G9","50umphe","Resistin",22.88534,6
"A10","mir+vehcon","AhR",27.24538,6
"B10","0.1umphe","AhR",27.65079,6
"C10","1umphe","AhR",27.09892,6
"D10","10umphe","AhR",28.21998,6
"E10","20umphe","AhR",28.76505,6
"G10","50umphe","AhR",27.69562,6
"A11","mir+vehcon","AhR",27.73522,6
"B11","0.1umphe","AhR",27.49937,6
"C11","1umphe","AhR",27.27842,6
"D11","10umphe","AhR",28.3298,6
"E11","20umphe","AhR",28.95634,6
"G11","50umphe","AhR",27.98108,6
"A12","mir+vehcon","AhR",27.07724,6
"C12","1umphe","AhR",27.34469,6
"D12","10umphe","AhR",28.28224,6
"E12","20umphe","AhR",29.10298,6
"G12","50umphe","AhR",27.58366,6
"A1","mir+vehcon","b-actin",18.2801,6
"B1","0.1umphe","b-actin",18.51581,6
"C1","1umphe","b-actin",18.20863,6
"D1","10umphe","b-actin",19.36018,6
"E1","20umphe","b-actin",20.20646,6
"G1","50umphe","b-actin",19.17509,6
"A2","mir+vehcon","b-actin",18.22967,6
"B2","0.1umphe","b-actin",18.5326,6
"C2","1umphe","b-actin",18.14283,6
"D2","10umphe","b-actin",19.17349,6
"E2","20umphe","b-actin",20.15624,6
"G2","50umphe","b-actin",19.08913,6
"A3","mir+vehcon","b-actin",18.22641,6
"B3","0.1umphe","b-actin",18.43528,6
"C3","1umphe","b-actin",18.16849,6
"D3","10umphe","b-actin",19.24544,6
"E3","20umphe","b-actin",20.18022,6
"G3","50umphe","b-actin",19.11149,6
"A4","mir+vehcon","FABP4",16.93835,6
"B4","0.1umphe","FABP4",17.49551,6
"C4","1umphe","FABP4",17.84785,6
"D4","10umphe","FABP4",17.39482,6
"E4","20umphe","FABP4",18.20867,6
"G4","50umphe","FABP4",18.13414,6
"A5","mir+vehcon","FABP4",16.90999,6
"B5","0.1umphe","FABP4",17.41204,6
"C5","1umphe","FABP4",17.79875,6
"D5","10umphe","FABP4",17.32337,6
"E5","20umphe","FABP4",18.20376,6
"G5","50umphe","FABP4",18.20798,6
"A6","mir+vehcon","FABP4",16.8525,6
"B6","0.1umphe","FABP4",17.39615,6
"C6","1umphe","FABP4",17.72562,6
"D6","10umphe","FABP4",17.40032,6
"E6","20umphe","FABP4",18.28621,6
"G6","50umphe","FABP4",18.19087,6
"A7","mir+vehcon","PPARγ",21.12545,6
"B7","0.1umphe","PPARγ",21.52853,6
"C7","1umphe","PPARγ",21.68508,6
"D7","10umphe","PPARγ",22.21007,6
"E7","20umphe","PPARγ",23.29183,6
"G7","50umphe","PPARγ",22.72471,6
"A8","mir+vehcon","PPARγ",21.16067,6
"B8","0.1umphe","PPARγ",21.55076,6
"C8","1umphe","PPARγ",21.66128,6
"D8","10umphe","PPARγ",22.18615,6
"E8","20umphe","PPARγ",23.31468,6
"G8","50umphe","PPARγ",22.82386,6
"A9","mir+vehcon","PPARγ",21.2564,6
"B9","0.1umphe","PPARγ",21.62726,6
"C9","1umphe","PPARγ",21.63942,6
"D9","10umphe","PPARγ",22.25384,6
"E9","20umphe","PPARγ",23.39415,6
"G9","50umphe","PPARγ",22.83642,6
"A1","mir+vehcon","b-actin",20.68,1
"B1","0.01umphe","b-actin",21.38,1
"C1","0.1umphe","b-actin",20.4,1
"D1","1umphe","b-actin",20.82,1
"E1","10umphe","b-actin",20.79,1
"G1","20umphe","b-actin",20.53,1
"A2","mir+vehcon","b-actin",20.7,1
"B2","0.01umphe","b-actin",20.17,1
"C2","0.1umphe","b-actin",20.41,1
"D2","1umphe","b-actin",20.94,1
"E2","10umphe","b-actin",20.72,1
"G2","20umphe","b-actin",20.36,1
"A3","mir+vehcon","b-actin",20.73,1
"B3","0.01umphe","b-actin",20.49,1
"C3","0.1umphe","b-actin",20.41,1
"D3","1umphe","b-actin",20.84,1
"E3","10umphe","b-actin",20.57,1
"G3","20umphe","b-actin",20.36,1
"A4","mir+vehcon","FABP4",19.16,1
"B4","0.01umphe","FABP4",19.1,1
"C4","0.1umphe","FABP4",19.26,1
"D4","1umphe","FABP4",19.1,1
"E4","10umphe","FABP4",19.37,1
"G4","20umphe","FABP4",19.59,1
"A5","mir+vehcon","FABP4",19.34,1
"B5","0.01umphe","FABP4",19.17,1
"C5","0.1umphe","FABP4",19.21,1
"D5","1umphe","FABP4",19.25,1
"E5","10umphe","FABP4",19.29,1
"G5","20umphe","FABP4",19.48,1
"A6","mir+vehcon","FABP4",19.28,1
"B6","0.01umphe","FABP4",18.96,1
"C6","0.1umphe","FABP4",19.38,1
"D6","1umphe","FABP4",19.09,1
"E6","10umphe","FABP4",19.3,1
"G6","20umphe","FABP4",19.39,1
"A7","mir+vehcon","b-actin",20.68,1
"B7","0.01umphe","b-actin",21.38,1
"C7","0.1umphe","b-actin",20.4,1
"D7","1umphe","b-actin",20.82,1
"E7","10umphe","b-actin",20.79,1
"G7","20umphe","b-actin",20.53,1
"A8","mir+vehcon","b-actin",20.7,1
"B8","0.01umphe","b-actin",20.17,1
"C8","0.1umphe","b-actin",20.41,1
"D8","1umphe","b-actin",20.94,1
"E8","10umphe","b-actin",20.72,1
"G8","20umphe","b-actin",20.36,1
"A9","mir+vehcon","b-actin",20.73,1
"B9","0.01umphe","b-actin",20.49,1
"C9","0.1umphe","b-actin",20.41,1
"D9","1umphe","b-actin",20.84,1
"E9","10umphe","b-actin",20.57,1
"G9","20umphe","b-actin",20.36,1
"A10","mir+vehcon","PPARγ",24.62,1
"B10","0.01umphe","PPARγ",24.56,1
"C10","0.1umphe","PPARγ",25.02,1
"D10","1umphe","PPARγ",25.04,1
"E10","10umphe","PPARγ",25.26,1
"G10","20umphe","PPARγ",25.58,1
"A11","mir+vehcon","PPARγ",25.03,1
"B11","0.01umphe","PPARγ",24.43,1
"C11","0.1umphe","PPARγ",25.04,1
"D11","1umphe","PPARγ",25,1
"E11","10umphe","PPARγ",25.01,1
"G11","20umphe","PPARγ",25.41,1
"A12","mir+vehcon","PPARγ",25.04,1
"B12","0.01umphe","PPARγ",24.59,1
"C12","0.1umphe","PPARγ",24.97,1
"D12","1umphe","PPARγ",25.06,1
"E12","10umphe","PPARγ",25.08,1
"G12","20umphe","PPARγ",25.41,1
"A1","mir+vehcon","b-actin",19.61,1
"B1","0.01um9p","b-actin",19.69,1
"C1","0.1um9p","b-actin",19.97,1
"D1","1um9p","b-actin",19.86,1
"E1","10um9p","b-actin",20.06,1
"G1","20um9p","b-actin",20.39,1
"A2","mir+vehcon","b-actin",19.56,1
"B2","0.01um9p","b-actin",19.57,1
"C2","0.1um9p","b-actin",19.78,1
"D2","1um9p","b-actin",19.93,1
"E2","10um9p","b-actin",19.95,1
"G2","20um9p","b-actin",19.1,1
"A3","mir+vehcon","b-actin",19.55,1
"B3","0.01um9p","b-actin",19.62,1
"C3","0.1um9p","b-actin",19.71,1
"D3","1um9p","b-actin",19.82,1
"E3","10um9p","b-actin",20.02,1
"G3","20um9p","b-actin",19.11,1
"A4","mir+vehcon","Resistin",24.25,1
"B4","0.01um9p","Resistin",24.15,1
"C4","0.1um9p","Resistin",24.24,1
"D4","1um9p","Resistin",23.75,1
"E4","10um9p","Resistin",24.29,1
"G4","20um9p","Resistin",26.47,1
"A5","mir+vehcon","Resistin",24.45,1
"B5","0.01um9p","Resistin",24.08,1
"C5","0.1um9p","Resistin",24.41,1
"D5","1um9p","Resistin",24.14,1
"E5","10um9p","Resistin",24.55,1
"G5","20um9p","Resistin",26.73,1
"A6","mir+vehcon","Resistin",24.31,1
"B6","0.01um9p","Resistin",24.43,1
"C6","0.1um9p","Resistin",24.37,1
"D6","1um9p","Resistin",23.92,1
"E6","10um9p","Resistin",24.61,1
"G6","20um9p","Resistin",26.78,1
"A1","mir+vehcon","b-actin",19.21,2
"B1","0.01um9p","b-actin",19.48,2
"C1","0.1um9p","b-actin",19.53,2
"D1","1um9p","b-actin",19.62,2
"E1","10um9p","b-actin",19.13,2
"G1","20um9p","b-actin",19.02,2
"A2","mir+vehcon","b-actin",19.18,2
"B2","0.01um9p","b-actin",19.63,2
"C2","0.1um9p","b-actin",19.51,2
"D2","1um9p","b-actin",19.76,2
"E2","10um9p","b-actin",19.13,2
"G2","20um9p","b-actin",18.91,2
"A3","mir+vehcon","b-actin",19.25,2
"B3","0.01um9p","b-actin",19.56,2
"C3","0.1um9p","b-actin",19.46,2
"D3","1um9p","b-actin",19.64,2
"E3","10um9p","b-actin",19.04,2
"G3","20um9p","b-actin",18.94,2
"A4","mir+vehcon","Resistin",23.61,2
"B4","0.01um9p","Resistin",24.32,2
"C4","0.1um9p","Resistin",23.91,2
"D4","1um9p","Resistin",23.74,2
"E4","10um9p","Resistin",23.03,2
"G4","20um9p","Resistin",23.84,2
"A5","mir+vehcon","Resistin",23.73,2
"B5","0.01um9p","Resistin",24.43,2
"C5","0.1um9p","Resistin",23.89,2
"D5","1um9p","Resistin",24.08,2
"E5","10um9p","Resistin",23.25,2
"G5","20um9p","Resistin",24.05,2
"A6","mir+vehcon","Resistin",23.62,2
"B6","0.01um9p","Resistin",24.49,2
"C6","0.1um9p","Resistin",23.87,2
"D6","1um9p","Resistin",24.06,2
"E6","10um9p","Resistin",23.13,2
"G6","20um9p","Resistin",24.08,2
"A1","mir+vehcon","b-actin",19.27,3
"B1","0.01um9p","b-actin",19,3
"C1","0.1um9p","b-actin",19.39,3
"D1","1um9p","b-actin",19.11,3
"E1","10um9p","b-actin",19.46,3
"G1","20um9p","b-actin",19.12,3
"A2","mir+vehcon","b-actin",19.35,3
"B2","0.01um9p","b-actin",19.12,3
"C2","0.1um9p","b-actin",19.3,3
"D2","1um9p","b-actin",19.27,3
"E2","10um9p","b-actin",19.49,3
"G2","20um9p","b-actin",19.1,3
"A3","mir+vehcon","b-actin",19.3,3
"B3","0.01um9p","b-actin",19.24,3
"C3","0.1um9p","b-actin",19.23,3
"D3","1um9p","b-actin",19.15,3
"E3","10um9p","b-actin",19.42,3
"G3","20um9p","b-actin",19.1,3
"A4","mir+vehcon","Resistin",25.77,3
"B4","0.01um9p","Resistin",26.29,3
"C4","0.1um9p","Resistin",26.09,3
"D4","1um9p","Resistin",26.2,3
"E4","10um9p","Resistin",25.43,3
"G4","20um9p","Resistin",25.92,3
"A5","mir+vehcon","Resistin",26.02,3
"B5","0.01um9p","Resistin",26.3,3
"C5","0.1um9p","Resistin",25.9,3
"D5","1um9p","Resistin",26.15,3
"E5","10um9p","Resistin",25.9,3
"G5","20um9p","Resistin",26.04,3
"A6","mir+vehcon","Resistin",26.09,3
"B6","0.01um9p","Resistin",26.35,3
"C6","0.1um9p","Resistin",25.75,3
"D6","1um9p","Resistin",26.24,3
"E6","10um9p","Resistin",25.73,3
"G6","20um9p","Resistin",26.02,3
"A1","mir+vehcon","b-actin",20.13,2
"B1","0.01umphe","b-actin",20.31,2
"C1","0.1umphe","b-actin",20.35,2
"D1","1umphe","b-actin",20.37,2
"E1","10umphe","b-actin",20.43,2
"G1","20umphe","b-actin",20.34,2
"A2","mir+vehcon","b-actin",20.26,2
"B2","0.01umphe","b-actin",20.35,2
"C2","0.1umphe","b-actin",20.26,2
"D2","1umphe","b-actin",20.37,2
"E2","10umphe","b-actin",20.47,2
"G2","20umphe","b-actin",20.21,2
"A3","mir+vehcon","b-actin",20.24,2
"B3","0.01umphe","b-actin",20.26,2
"C3","0.1umphe","b-actin",20.26,2
"D3","1umphe","b-actin",20.37,2
"E3","10umphe","b-actin",20.45,2
"G3","20umphe","b-actin",20.52,2
"A4","mir+vehcon","FABP4",19.52,2
"B4","0.01umphe","FABP4",20.11,2
"C4","0.1umphe","FABP4",20.07,2
"D4","1umphe","FABP4",20.6,2
"E4","10umphe","FABP4",19.74,2
"G4","20umphe","FABP4",20.72,2
"A5","mir+vehcon","FABP4",19.9,2
"B5","0.01umphe","FABP4",20.08,2
"C5","0.1umphe","FABP4",20.34,2
"D5","1umphe","FABP4",20.57,2
"E5","10umphe","FABP4",19.88,2
"G5","20umphe","FABP4",20.32,2
"A6","mir+vehcon","FABP4",19.95,2
"B6","0.01umphe","FABP4",20.26,2
"C6","0.1umphe","FABP4",20.22,2
"D6","1umphe","FABP4",20.15,2
"E6","10umphe","FABP4",20.03,2
"G6","20umphe","FABP4",20.2,2
"A7","mir+vehcon","b-actin",20.13,2
"B7","0.01umphe","b-actin",20.31,2
"C7","0.1umphe","b-actin",20.35,2
"D7","1umphe","b-actin",20.37,2
"E7","10umphe","b-actin",20.43,2
"G7","20umphe","b-actin",20.34,2
"A8","mir+vehcon","b-actin",20.26,2
"B8","0.01umphe","b-actin",20.35,2
"C8","0.1umphe","b-actin",20.26,2
"D8","1umphe","b-actin",20.37,2
"E8","10umphe","b-actin",20.47,2
"G8","20umphe","b-actin",20.21,2
"A9","mir+vehcon","b-actin",20.24,2
"B9","0.01umphe","b-actin",20.26,2
"C9","0.1umphe","b-actin",20.26,2
"D9","1umphe","b-actin",20.37,2
"E9","10umphe","b-actin",20.45,2
"G9","20umphe","b-actin",20.52,2
"A10","mir+vehcon","PPARγ",24.5,2
"B10","0.01umphe","PPARγ",24.68,2
"C10","0.1umphe","PPARγ",24.65,2
"D10","1umphe","PPARγ",24.89,2
"E10","10umphe","PPARγ",24.79,2
"G10","20umphe","PPARγ",25.11,2
"A11","mir+vehcon","PPARγ",24.67,2
"B11","0.01umphe","PPARγ",24.72,2
"C11","0.1umphe","PPARγ",24.67,2
"D11","1umphe","PPARγ",24.85,2
"E11","10umphe","PPARγ",24.59,2
"G11","20umphe","PPARγ",25.02,2
"A12","mir+vehcon","PPARγ",24.77,2
"B12","0.01umphe","PPARγ",24.82,2
"C12","0.1umphe","PPARγ",24.67,2
"D12","1umphe","PPARγ",24.78,2
"E12","10umphe","PPARγ",24.6,2
"G12","20umphe","PPARγ",25.14,2
"A1","mir+vehcon","b-actin",21.35,3
"B1","0.01umphe","b-actin",21.42,3
"C1","0.1umphe","b-actin",21.64,3
"D1","1umphe","b-actin",21.28,3
"E1","10umphe","b-actin",21.44,3
"G1","20umphe","b-actin",20.91,3
"A2","mir+vehcon","b-actin",21.37,3
"B2","0.01umphe","b-actin",21.44,3
"C2","0.1umphe","b-actin",21.47,3
"D2","1umphe","b-actin",21.15,3
"E2","10umphe","b-actin",21.38,3
"G2","20umphe","b-actin",21.02,3
"A3","mir+vehcon","b-actin",21.46,3
"B3","0.01umphe","b-actin",21.54,3
"C3","0.1umphe","b-actin",21.31,3
"D3","1umphe","b-actin",21.31,3
"E3","10umphe","b-actin",21.45,3
"G3","20umphe","b-actin",21.07,3
"A4","mir+vehcon","FABP4",19.33,3
"B4","0.01umphe","FABP4",19.67,3
"C4","0.1umphe","FABP4",19.67,3
"D4","1umphe","FABP4",19.68,3
"E4","10umphe","FABP4",19.94,3
"G4","20umphe","FABP4",20.41,3
"A5","mir+vehcon","FABP4",19.75,3
"B5","0.01umphe","FABP4",19.81,3
"C5","0.1umphe","FABP4",19.51,3
"D5","1umphe","FABP4",19.79,3
"E5","10umphe","FABP4",19.76,3
"G5","20umphe","FABP4",19.56,3
"A6","mir+vehcon","FABP4",19.91,3
"B6","0.01umphe","FABP4",19.77,3
"C6","0.1umphe","FABP4",19.75,3
"D6","1umphe","FABP4",20.08,3
"E6","10umphe","FABP4",19.58,3
"G6","20umphe","FABP4",19.7,3
"A7","mir+vehcon","b-actin",21.35,3
"B7","0.01umphe","b-actin",21.42,3
"C7","0.1umphe","b-actin",21.64,3
"D7","1umphe","b-actin",21.28,3
"E7","10umphe","b-actin",21.44,3
"G7","20umphe","b-actin",20.91,3
"A8","mir+vehcon","b-actin",21.37,3
"B8","0.01umphe","b-actin",21.44,3
"C8","0.1umphe","b-actin",21.47,3
"D8","1umphe","b-actin",21.15,3
"E8","10umphe","b-actin",21.38,3
"G8","20umphe","b-actin",21.02,3
"A9","mir+vehcon","b-actin",21.46,3
"B9","0.01umphe","b-actin",21.54,3
"C9","0.1umphe","b-actin",21.31,3
"D9","1umphe","b-actin",21.31,3
"E9","10umphe","b-actin",21.45,3
"G9","20umphe","b-actin",21.07,3
"A10","mir+vehcon","PPARγ",25.79,3
"B10","0.01umphe","PPARγ",26.01,3
"C10","0.1umphe","PPARγ",25.65,3
"D10","1umphe","PPARγ",26.01,3
"E10","10umphe","PPARγ",26.47,3
"G10","20umphe","PPARγ",26.07,3
"A11","mir+vehcon","PPARγ",25.75,3
"B11","0.01umphe","PPARγ",25.95,3
"C11","0.1umphe","PPARγ",26.15,3
"D11","1umphe","PPARγ",26.04,3
"E11","10umphe","PPARγ",26.21,3
"G11","20umphe","PPARγ",25.94,3
"A12","mir+vehcon","PPARγ",25.74,3
"B12","0.01umphe","PPARγ",26.07,3
"C12","0.1umphe","PPARγ",25.76,3
"D12","1umphe","PPARγ",25.93,3
"E12","10umphe","PPARγ",26.28,3
"G12","20umphe","PPARγ",26,3
"A1","mir+vehcon","b-actin",20.68,1
"B1","0.01umphe","b-actin",21.38,1
"C1","0.1umphe","b-actin",20.4,1
"D1","1umphe","b-actin",20.82,1
"E1","10umphe","b-actin",20.79,1
"G1","20umphe","b-actin",20.53,1
"A2","mir+vehcon","b-actin",20.7,1
"B2","0.01umphe","b-actin",20.17,1
"C2","0.1umphe","b-actin",20.41,1
"D2","1umphe","b-actin",20.94,1
"E2","10umphe","b-actin",20.72,1
"G2","20umphe","b-actin",20.36,1
"A3","mir+vehcon","b-actin",20.73,1
"B3","0.01umphe","b-actin",20.49,1
"C3","0.1umphe","b-actin",20.41,1
"D3","1umphe","b-actin",20.84,1
"E3","10umphe","b-actin",20.57,1
"G3","20umphe","b-actin",20.36,1
"A4","mir+vehcon","LPL",20.13,1
"B4","0.01umphe","LPL",19.93,1
"C4","0.1umphe","LPL",20.23,1
"D4","1umphe","LPL",20.07,1
"E4","10umphe","LPL",20.25,1
"G4","20umphe","LPL",20.14,1
"A5","mir+vehcon","LPL",20.4,1
"B5","0.01umphe","LPL",19.95,1
"C5","0.1umphe","LPL",20.22,1
"D5","1umphe","LPL",20.05,1
"E5","10umphe","LPL",20.43,1
"G5","20umphe","LPL",20.11,1
"A6","mir+vehcon","LPL",20.48,1
"B6","0.01umphe","LPL",20.01,1
"C6","0.1umphe","LPL",20.27,1
"D6","1umphe","LPL",20.15,1
"E6","10umphe","LPL",20.22,1
"G6","20umphe","LPL",20.17,1
"A7","mir+vehcon","b-actin",19.93,1
"B7","0.01umphe","b-actin",19.61,1
"C7","0.1umphe","b-actin",19.33,1
"D7","1umphe","b-actin",19.96,1
"E7","10umphe","b-actin",19.67,1
"G7","20umphe","b-actin",19.38,1
"A8","mir+vehcon","b-actin",19.73,1
"B8","0.01umphe","b-actin",19.51,1
"C8","0.1umphe","b-actin",19.31,1
"D8","1umphe","b-actin",19.85,1
"E8","10umphe","b-actin",19.57,1
"G8","20umphe","b-actin",19.36,1
"A9","mir+vehcon","b-actin",19.68,1
"B9","0.01umphe","b-actin",19.53,1
"C9","0.1umphe","b-actin",19.31,1
"D9","1umphe","b-actin",19.75,1
"E9","10umphe","b-actin",19.45,1
"G9","20umphe","b-actin",19.48,1
"A10","mir+vehcon","Plin",25.19,1
"B10","0.01umphe","Plin",26.01,1
"C10","0.1umphe","Plin",25.16,1
"D10","1umphe","Plin",26.06,1
"E10","10umphe","Plin",26.14,1
"G10","20umphe","Plin",26.22,1
"A11","mir+vehcon","Plin",26.23,1
"B11","0.01umphe","Plin",25.9,1
"C11","0.1umphe","Plin",25.28,1
"D11","1umphe","Plin",26.49,1
"E11","10umphe","Plin",25.93,1
"G11","20umphe","Plin",27.06,1
"A12","mir+vehcon","Plin",26.22,1
"B12","0.01umphe","Plin",26.19,1
"C12","0.1umphe","Plin",26.11,1
"D12","1umphe","Plin",26.2,1
"E12","10umphe","Plin",25.75,1
"G12","20umphe","Plin",26.61,1
"A1","mir+vehcon","b-actin",20.13,2
"B1","0.01umphe","b-actin",20.31,2
"C1","0.1umphe","b-actin",20.35,2
"D1","1umphe","b-actin",20.37,2
"E1","10umphe","b-actin",20.43,2
"G1","20umphe","b-actin",20.34,2
"A2","mir+vehcon","b-actin",20.26,2
"B2","0.01umphe","b-actin",20.35,2
"C2","0.1umphe","b-actin",20.26,2
"D2","1umphe","b-actin",20.37,2
"E2","10umphe","b-actin",20.47,2
"G2","20umphe","b-actin",20.21,2
"A3","mir+vehcon","b-actin",20.24,2
"B3","0.01umphe","b-actin",20.26,2
"C3","0.1umphe","b-actin",20.26,2
"D3","1umphe","b-actin",20.37,2
"E3","10umphe","b-actin",20.45,2
"G3","20umphe","b-actin",20.52,2
"A4","mir+vehcon","LPL",20.5,2
"B4","0.01umphe","LPL",20.69,2
"C4","0.1umphe","LPL",20.91,2
"D4","1umphe","LPL",20.81,2
"E4","10umphe","LPL",20.41,2
"G4","20umphe","LPL",20.63,2
"A5","mir+vehcon","LPL",20.72,2
"B5","0.01umphe","LPL",20.61,2
"C5","0.1umphe","LPL",20.73,2
"D5","1umphe","LPL",20.93,2
"E5","10umphe","LPL",20.38,2
"G5","20umphe","LPL",20.56,2
"A6","mir+vehcon","LPL",20.81,2
"B6","0.01umphe","LPL",20.9,2
"C6","0.1umphe","LPL",20.93,2
"D6","1umphe","LPL",20.88,2
"E6","10umphe","LPL",20.36,2
"G6","20umphe","LPL",20.6,2
"A7","mir+vehcon","b-actin",18.72,2
"B7","0.01umphe","b-actin",18.59,2
"C7","0.1umphe","b-actin",18.71,2
"D7","1umphe","b-actin",18.72,2
"E7","10umphe","b-actin",18.69,2
"A8","mir+vehcon","b-actin",18.47,2
"B8","0.01umphe","b-actin",18.54,2
"C8","0.1umphe","b-actin",18.59,2
"D8","1umphe","b-actin",18.7,2
"E8","10umphe","b-actin",18.77,2
"G8","20umphe","b-actin",18.63,2
"A9","mir+vehcon","b-actin",18.49,2
"B9","0.01umphe","b-actin",18.54,2
"C9","0.1umphe","b-actin",18.58,2
"D9","1umphe","b-actin",18.73,2
"E9","10umphe","b-actin",18.68,2
"G9","20umphe","b-actin",18.55,2
"A10","mir+vehcon","Plin",23.3,2
"B10","0.01umphe","Plin",23.61,2
"C10","0.1umphe","Plin",23.54,2
"D10","1umphe","Plin",23.75,2
"E10","10umphe","Plin",23.56,2
"G10","20umphe","Plin",23.8,2
"A11","mir+vehcon","Plin",24.05,2
"B11","0.01umphe","Plin",24.71,2
"C11","0.1umphe","Plin",23.67,2
"D11","1umphe","Plin",23.92,2
"E11","10umphe","Plin",23.5,2
"G11","20umphe","Plin",23.58,2
"A12","mir+vehcon","Plin",23.84,2
"B12","0.01umphe","Plin",23.71,2
"C12","0.1umphe","Plin",23.51,2
"D12","1umphe","Plin",23.74,2
"E12","10umphe","Plin",23.55,2
"G12","20umphe","Plin",23.48,2
"A1","mir+vehcon","b-actin",21.35,3
"B1","0.01umphe","b-actin",21.42,3
"C1","0.1umphe","b-actin",21.64,3
"D1","1umphe","b-actin",21.28,3
"E1","10umphe","b-actin",21.44,3
"G1","20umphe","b-actin",20.91,3
"A2","mir+vehcon","b-actin",21.37,3
"B2","0.01umphe","b-actin",21.44,3
"C2","0.1umphe","b-actin",21.47,3
"D2","1umphe","b-actin",21.15,3
"E2","10umphe","b-actin",21.38,3
"G2","20umphe","b-actin",21.02,3
"A3","mir+vehcon","b-actin",21.46,3
"B3","0.01umphe","b-actin",21.54,3
"C3","0.1umphe","b-actin",21.31,3
"D3","1umphe","b-actin",21.31,3
"E3","10umphe","b-actin",21.45,3
"G3","20umphe","b-actin",21.07,3
"A4","mir+vehcon","LPL",22.96,3
"B4","0.01umphe","LPL",21.42,3
"C4","0.1umphe","LPL",21.43,3
"D4","1umphe","LPL",21.63,3
"E4","10umphe","LPL",21.19,3
"G4","20umphe","LPL",21.21,3
"A5","mir+vehcon","LPL",21.1,3
"B5","0.01umphe","LPL",21.36,3
"C5","0.1umphe","LPL",21.23,3
"D5","1umphe","LPL",21.38,3
"E5","10umphe","LPL",21.34,3
"G5","20umphe","LPL",20.54,3
"A6","mir+vehcon","LPL",21.23,3
"B6","0.01umphe","LPL",21.45,3
"C6","0.1umphe","LPL",21.39,3
"D6","1umphe","LPL",21.4,3
"E6","10umphe","LPL",21.27,3
"G6","20umphe","LPL",20.63,3
"A7","mir+vehcon","b-actin",19.19,3
"B7","0.01umphe","b-actin",19.34,3
"C7","0.1umphe","b-actin",19.24,3
"D7","1umphe","b-actin",19.21,3
"E7","10umphe","b-actin",19.32,3
"G7","20umphe","b-actin",18.66,3
"A8","mir+vehcon","b-actin",19.2,3
"B8","0.01umphe","b-actin",19.39,3
"C8","0.1umphe","b-actin",19.29,3
"D8","1umphe","b-actin",19.28,3
"E8","10umphe","b-actin",19.29,3
"G8","20umphe","b-actin",18.75,3
"A9","mir+vehcon","b-actin",19.26,3
"B9","0.01umphe","b-actin",19.42,3
"C9","0.1umphe","b-actin",19.21,3
"D9","1umphe","b-actin",19.29,3
"E9","10umphe","b-actin",19.2,3
"G9","20umphe","b-actin",18.83,3
"A10","mir+vehcon","Plin",26,3
"B10","0.01umphe","Plin",26.13,3
"C10","0.1umphe","Plin",26.79,3
"D10","1umphe","Plin",27.37,3
"E10","10umphe","Plin",26.81,3
"G10","20umphe","Plin",25.21,3
"A11","mir+vehcon","Plin",26.29,3
"B11","0.01umphe","Plin",26,3
"C11","0.1umphe","Plin",25.75,3
"D11","1umphe","Plin",26,3
"E11","10umphe","Plin",26.08,3
"G11","20umphe","Plin",25.06,3
"A12","mir+vehcon","Plin",26.37,3
"B12","0.01umphe","Plin",26.24,3
"C12","0.1umphe","Plin",26.18,3
"D12","1umphe","Plin",25.69,3
"E12","10umphe","Plin",25.97,3
"G12","20umphe","Plin",25.38,3
"A1","mir+vehcon","b-actin",19.32,1
"B1","0.01umphe","b-actin",19.23,1
"C1","0.1umphe","b-actin",18.88,1
"D1","1umphe","b-actin",19.49,1
"E1","10umphe","b-actin",19.23,1
"G1","20umphe","b-actin",19.52,1
"A2","mir+vehcon","b-actin",19.28,1
"B2","0.01umphe","b-actin",19.19,1
"C2","0.1umphe","b-actin",18.96,1
"D2","1umphe","b-actin",19.55,1
"E2","10umphe","b-actin",19.2,1
"G2","20umphe","b-actin",19.15,1
"A3","mir+vehcon","b-actin",19.39,1
"B3","0.01umphe","b-actin",19.2,1
"C3","0.1umphe","b-actin",18.89,1
"D3","1umphe","b-actin",19.47,1
"E3","10umphe","b-actin",19.13,1
"G3","20umphe","b-actin",19.17,1
"A4","mir+vehcon","CEBPA",28.06,1
"B4","0.01umphe","CEBPA",28.17,1
"C4","0.1umphe","CEBPA",27.35,1
"D4","1umphe","CEBPA",27.97,1
"E4","10umphe","CEBPA",27.56,1
"G4","20umphe","CEBPA",27.99,1
"A5","mir+vehcon","CEBPA",28.56,1
"B5","0.01umphe","CEBPA",28.15,1
"C5","0.1umphe","CEBPA",27.64,1
"D5","1umphe","CEBPA",28,1
"E5","10umphe","CEBPA",27.58,1
"G5","20umphe","CEBPA",27.87,1
"A6","mir+vehcon","CEBPA",28.49,1
"B6","0.01umphe","CEBPA",28.11,1
"C6","0.1umphe","CEBPA",27.85,1
"D6","1umphe","CEBPA",28.33,1
"E6","10umphe","CEBPA",27.59,1
"G6","20umphe","CEBPA",28.04,1
"A7","mir+vehcon","b-actin",19.93,1
"B7","0.01umphe","b-actin",19.61,1
"C7","0.1umphe","b-actin",19.33,1
"D7","1umphe","b-actin",19.96,1
"E7","10umphe","b-actin",19.67,1
"G7","20umphe","b-actin",19.38,1
"A8","mir+vehcon","b-actin",19.73,1
"B8","0.01umphe","b-actin",19.51,1
"C8","0.1umphe","b-actin",19.31,1
"D8","1umphe","b-actin",19.85,1
"E8","10umphe","b-actin",19.57,1
"G8","20umphe","b-actin",19.36,1
"A9","mir+vehcon","b-actin",19.68,1
"B9","0.01umphe","b-actin",19.53,1
"C9","0.1umphe","b-actin",19.31,1
"D9","1umphe","b-actin",19.75,1
"E9","10umphe","b-actin",19.45,1
"G9","20umphe","b-actin",19.48,1
"A10","mir+vehcon","AhR",29.03,1
"B10","0.01umphe","AhR",28.8,1
"C10","0.1umphe","AhR",28.83,1
"D10","1umphe","AhR",28.8,1
"E10","10umphe","AhR",28.56,1
"G10","20umphe","AhR",28.23,1
"A11","mir+vehcon","AhR",29.02,1
"B11","0.01umphe","AhR",28.81,1
"C11","0.1umphe","AhR",28.95,1
"D11","1umphe","AhR",28.87,1
"E11","10umphe","AhR",28.73,1
"G11","20umphe","AhR",28.22,1
"A12","mir+vehcon","AhR",29,1
"B12","0.01umphe","AhR",28.89,1
"C12","0.1umphe","AhR",28.75,1
"D12","1umphe","AhR",28.9,1
"E12","10umphe","AhR",28.49,1
"G12","20umphe","AhR",28.11,1
"A1","mir+vehcon","b-actin",19.48,2
"B1","0.01umphe","b-actin",19.51,2
"C1","0.1umphe","b-actin",19.58,2
"D1","1umphe","b-actin",19.53,2
"E1","10umphe","b-actin",19.58,2
"G1","20umphe","b-actin",19.48,2
"A2","mir+vehcon","b-actin",19.46,2
"B2","0.01umphe","b-actin",19.46,2
"C2","0.1umphe","b-actin",19.52,2
"D2","1umphe","b-actin",19.52,2
"E2","10umphe","b-actin",19.65,2
"G2","20umphe","b-actin",19.43,2
"A3","mir+vehcon","b-actin",19.44,2
"B3","0.01umphe","b-actin",19.47,2
"C3","0.1umphe","b-actin",19.34,2
"D3","1umphe","b-actin",19.45,2
"E3","10umphe","b-actin",19.48,2
"G3","20umphe","b-actin",19.47,2
"A4","mir+vehcon","CEBPA",25.77,2
"B4","0.01umphe","CEBPA",26.04,2
"C4","0.1umphe","CEBPA",25.83,2
"D4","1umphe","CEBPA",26.08,2
"E4","10umphe","CEBPA",25.55,2
"G4","20umphe","CEBPA",25.42,2
"A5","mir+vehcon","CEBPA",26.13,2
"B5","0.01umphe","CEBPA",26.06,2
"C5","0.1umphe","CEBPA",26,2
"D5","1umphe","CEBPA",26.05,2
"E5","10umphe","CEBPA",25.62,2
"G5","20umphe","CEBPA",25.32,2
"A6","mir+vehcon","CEBPA",26.07,2
"B6","0.01umphe","CEBPA",26,2
"C6","0.1umphe","CEBPA",26.24,2
"D6","1umphe","CEBPA",26.2,2
"E6","10umphe","CEBPA",25.56,2
"G6","20umphe","CEBPA",25.51,2
"A7","mir+vehcon","b-actin",18.72,2
"B7","0.01umphe","b-actin",18.59,2
"C7","0.1umphe","b-actin",18.71,2
"D7","1umphe","b-actin",18.72,2
"E7","10umphe","b-actin",18.69,2
"A8","mir+vehcon","b-actin",18.47,2
"B8","0.01umphe","b-actin",18.54,2
"C8","0.1umphe","b-actin",18.59,2
"D8","1umphe","b-actin",18.7,2
"E8","10umphe","b-actin",18.77,2
"G8","20umphe","b-actin",18.63,2
"A9","mir+vehcon","b-actin",18.49,2
"B9","0.01umphe","b-actin",18.54,2
"C9","0.1umphe","b-actin",18.58,2
"D9","1umphe","b-actin",18.73,2
"E9","10umphe","b-actin",18.68,2
"G9","20umphe","b-actin",18.55,2
"A10","mir+vehcon","AhR",28.36,2
"B10","0.01umphe","AhR",28.46,2
"C10","0.1umphe","AhR",28.39,2
"D10","1umphe","AhR",28.2,2
"E10","10umphe","AhR",28.04,2
"G10","20umphe","AhR",27.99,2
"A11","mir+vehcon","AhR",28.43,2
"B11","0.01umphe","AhR",28.3,2
"C11","0.1umphe","AhR",28.41,2
"D11","1umphe","AhR",28.25,2
"E11","10umphe","AhR",28.07,2
"G11","20umphe","AhR",28.03,2
"A12","mir+vehcon","AhR",28.34,2
"B12","0.01umphe","AhR",28.24,2
"C12","0.1umphe","AhR",28.48,2
"D12","1umphe","AhR",28.28,2
"E12","10umphe","AhR",28.05,2
"G12","20umphe","AhR",28.12,2
"A1","mir+vehcon","b-actin",19.95,3
"B1","0.01umphe","b-actin",20.15,3
"C1","0.1umphe","b-actin",20.08,3
"D1","1umphe","b-actin",19.99,3
"E1","10umphe","b-actin",19.94,3
"G1","20umphe","b-actin",19.46,3
"A2","mir+vehcon","b-actin",19.95,3
"B2","0.01umphe","b-actin",20.07,3
"C2","0.1umphe","b-actin",20.09,3
"D2","1umphe","b-actin",20.06,3
"E2","10umphe","b-actin",20.01,3
"G2","20umphe","b-actin",19.51,3
"A3","mir+vehcon","b-actin",20.02,3
"B3","0.01umphe","b-actin",20.14,3
"C3","0.1umphe","b-actin",19.97,3
"D3","1umphe","b-actin",19.92,3
"E3","10umphe","b-actin",19.79,3
"G3","20umphe","b-actin",19.43,3
"A4","mir+vehcon","CEBPA",28.74,3
"B4","0.01umphe","CEBPA",28.63,3
"C4","0.1umphe","CEBPA",28.42,3
"D4","1umphe","CEBPA",28.37,3
"E4","10umphe","CEBPA",29.08,3
"G4","20umphe","CEBPA",27.18,3
"A5","mir+vehcon","CEBPA",29,3
"B5","0.01umphe","CEBPA",29.03,3
"C5","0.1umphe","CEBPA",28.46,3
"D5","1umphe","CEBPA",28.36,3
"E5","10umphe","CEBPA",28.85,3
"G5","20umphe","CEBPA",27.03,3
"A6","mir+vehcon","CEBPA",29.02,3
"B6","0.01umphe","CEBPA",28.85,3
"C6","0.1umphe","CEBPA",28.51,3
"D6","1umphe","CEBPA",28.36,3
"E6","10umphe","CEBPA",28.83,3
"G6","20umphe","CEBPA",27.04,3
"A7","mir+vehcon","b-actin",19.19,3
"B7","0.01umphe","b-actin",19.34,3
"C7","0.1umphe","b-actin",19.24,3
"D7","1umphe","b-actin",19.21,3
"E7","10umphe","b-actin",19.32,3
"G7","20umphe","b-actin",18.66,3
"A8","mir+vehcon","b-actin",19.2,3
"B8","0.01umphe","b-actin",19.39,3
"C8","0.1umphe","b-actin",19.29,3
"D8","1umphe","b-actin",19.28,3
"E8","10umphe","b-actin",19.29,3
"G8","20umphe","b-actin",18.75,3
"A9","mir+vehcon","b-actin",19.26,3
"B9","0.01umphe","b-actin",19.42,3
"C9","0.1umphe","b-actin",19.21,3
"D9","1umphe","b-actin",19.29,3
"E9","10umphe","b-actin",19.2,3
"G9","20umphe","b-actin",18.83,3
"A10","mir+vehcon","AhR",28.88,3
"B10","0.01umphe","AhR",28.83,3
"C10","0.1umphe","AhR",28.63,3
"D10","1umphe","AhR",28.79,3
"E10","10umphe","AhR",27.83,3
"G10","20umphe","AhR",27.36,3
"A11","mir+vehcon","AhR",28.8,3
"B11","0.01umphe","AhR",28.57,3
"C11","0.1umphe","AhR",28.57,3
"D11","1umphe","AhR",28.39,3
"E11","10umphe","AhR",27.74,3
"G11","20umphe","AhR",27.24,3
"A12","mir+vehcon","AhR",28.75,3
"B12","0.01umphe","AhR",28.54,3
"C12","0.1umphe","AhR",28.51,3
"D12","1umphe","AhR",28.51,3
"E12","10umphe","AhR",28.07,3
"G12","20umphe","AhR",27.26,3
"A1","mir+vehcon","b-actin",19.93,1
"B1","0.01umphe","b-actin",19.61,1
"C1","0.1umphe","b-actin",19.33,1
"D1","1umphe","b-actin",19.96,1
"E1","10umphe","b-actin",19.67,1
"G1","20umphe","b-actin",19.38,1
"A2","mir+vehcon","b-actin",19.73,1
"B2","0.01umphe","b-actin",19.51,1
"C2","0.1umphe","b-actin",19.31,1
"D2","1umphe","b-actin",19.85,1
"E2","10umphe","b-actin",19.57,1
"G2","20umphe","b-actin",19.36,1
"A3","mir+vehcon","b-actin",19.68,1
"B3","0.01umphe","b-actin",19.53,1
"C3","0.1umphe","b-actin",19.31,1
"D3","1umphe","b-actin",19.75,1
"E3","10umphe","b-actin",19.45,1
"G3","20umphe","b-actin",19.48,1
"A4","mir+vehcon","CYP1A1",36.05,1
"B4","0.01umphe","CYP1A1",35.05,1
"C4","0.1umphe","CYP1A1",36.84,1
"D4","1umphe","CYP1A1",37.55,1
"E4","10umphe","CYP1A1",36.44,1
"G4","20umphe","CYP1A1",35.05,1
"A5","mir+vehcon","CYP1A1",35.46,1
"B5","0.01umphe","CYP1A1",37.59,1
"C5","0.1umphe","CYP1A1",36.45,1
"D5","1umphe","CYP1A1",36.56,1
"E5","10umphe","CYP1A1",35.17,1
"G5","20umphe","CYP1A1",36.2,1
"A6","mir+vehcon","CYP1A1",36.55,1
"B6","0.01umphe","CYP1A1",37.02,1
"C6","0.1umphe","CYP1A1",37.48,1
"D6","1umphe","CYP1A1",36.67,1
"E6","10umphe","CYP1A1",34.33,1
"G6","20umphe","CYP1A1",36.12,1
"A7","mir+vehcon","b-actin",19.32,1
"B7","0.01umphe","b-actin",19.23,1
"C7","0.1umphe","b-actin",18.88,1
"D7","1umphe","b-actin",19.49,1
"E7","10umphe","b-actin",19.23,1
"G7","20umphe","b-actin",19.52,1
"A8","mir+vehcon","b-actin",19.28,1
"B8","0.01umphe","b-actin",19.19,1
"C8","0.1umphe","b-actin",18.96,1
"D8","1umphe","b-actin",19.55,1
"E8","10umphe","b-actin",19.2,1
"G8","20umphe","b-actin",19.15,1
"A9","mir+vehcon","b-actin",19.39,1
"B9","0.01umphe","b-actin",19.2,1
"C9","0.1umphe","b-actin",18.89,1
"D9","1umphe","b-actin",19.47,1
"E9","10umphe","b-actin",19.13,1
"G9","20umphe","b-actin",19.17,1
"A10","mir+vehcon","Adiponectin",21.28,1
"B10","0.01umphe","Adiponectin",20.98,1
"C10","0.1umphe","Adiponectin",20.91,1
"D10","1umphe","Adiponectin",21.22,1
"E10","10umphe","Adiponectin",20.74,1
"G10","20umphe","Adiponectin",21.28,1
"A11","mir+vehcon","Adiponectin",21.29,1
"B11","0.01umphe","Adiponectin",20.95,1
"C11","0.1umphe","Adiponectin",21.05,1
"D11","1umphe","Adiponectin",21.24,1
"E11","10umphe","Adiponectin",20.92,1
"G11","20umphe","Adiponectin",21.23,1
"A12","mir+vehcon","Adiponectin",21.1,1
"B12","0.01umphe","Adiponectin",20.94,1
"C12","0.1umphe","Adiponectin",20.97,1
"D12","1umphe","Adiponectin",21.11,1
"E12","10umphe","Adiponectin",20.75,1
"G12","20umphe","Adiponectin",21.19,1
"A1","mir+vehcon","b-actin",18.72,2
"B1","0.01umphe","b-actin",18.59,2
"C1","0.1umphe","b-actin",18.71,2
"D1","1umphe","b-actin",18.72,2
"E1","10umphe","b-actin",18.69,2
"A2","mir+vehcon","b-actin",18.47,2
"B2","0.01umphe","b-actin",18.54,2
"C2","0.1umphe","b-actin",18.59,2
"D2","1umphe","b-actin",18.7,2
"E2","10umphe","b-actin",18.77,2
"G2","20umphe","b-actin",18.63,2
"A3","mir+vehcon","b-actin",18.49,2
"B3","0.01umphe","b-actin",18.54,2
"C3","0.1umphe","b-actin",18.58,2
"D3","1umphe","b-actin",18.73,2
"E3","10umphe","b-actin",18.68,2
"G3","20umphe","b-actin",18.55,2
"A4","mir+vehcon","CYP1A1",35.53,2
"B4","0.01umphe","CYP1A1",34.13,2
"C4","0.1umphe","CYP1A1",35.04,2
"D4","1umphe","CYP1A1",34.44,2
"E4","10umphe","CYP1A1",34.77,2
"G4","20umphe","CYP1A1",34.18,2
"A5","mir+vehcon","CYP1A1",34.68,2
"B5","0.01umphe","CYP1A1",35.42,2
"C5","0.1umphe","CYP1A1",36.25,2
"D5","1umphe","CYP1A1",35.34,2
"E5","10umphe","CYP1A1",33.27,2
"G5","20umphe","CYP1A1",33.61,2
"A6","mir+vehcon","CYP1A1",35.16,2
"B6","0.01umphe","CYP1A1",36.43,2
"C6","0.1umphe","CYP1A1",36.45,2
"D6","1umphe","CYP1A1",34.37,2
"E6","10umphe","CYP1A1",33.96,2
"G6","20umphe","CYP1A1",33.5,2
"A7","mir+vehcon","b-actin",19.48,2
"B7","0.01umphe","b-actin",19.51,2
"C7","0.1umphe","b-actin",19.58,2
"D7","1umphe","b-actin",19.53,2
"E7","10umphe","b-actin",19.58,2
"G7","20umphe","b-actin",19.48,2
"A8","mir+vehcon","b-actin",19.46,2
"B8","0.01umphe","b-actin",19.46,2
"C8","0.1umphe","b-actin",19.52,2
"D8","1umphe","b-actin",19.52,2
"E8","10umphe","b-actin",19.65,2
"G8","20umphe","b-actin",19.43,2
"A9","mir+vehcon","b-actin",19.44,2
"B9","0.01umphe","b-actin",19.47,2
"C9","0.1umphe","b-actin",19.34,2
"D9","1umphe","b-actin",19.45,2
"E9","10umphe","b-actin",19.48,2
"G9","20umphe","b-actin",19.47,2
"A10","mir+vehcon","Adiponectin",20.98,2
"B10","0.01umphe","Adiponectin",20.96,2
"C10","0.1umphe","Adiponectin",21.2,2
"D10","1umphe","Adiponectin",21.31,2
"E10","10umphe","Adiponectin",20.43,2
"G10","20umphe","Adiponectin",20.75,2
"A11","mir+vehcon","Adiponectin",21.05,2
"B11","0.01umphe","Adiponectin",20.99,2
"C11","0.1umphe","Adiponectin",21.21,2
"D11","1umphe","Adiponectin",21.28,2
"E11","10umphe","Adiponectin",20.41,2
"G11","20umphe","Adiponectin",20.62,2
"A12","mir+vehcon","Adiponectin",21.06,2
"B12","0.01umphe","Adiponectin",20.95,2
"C12","0.1umphe","Adiponectin",21.22,2
"D12","1umphe","Adiponectin",21.22,2
"E12","10umphe","Adiponectin",20.38,2
"G12","20umphe","Adiponectin",20.61,2
"A1","mir+vehcon","b-actin",19.19,3
"B1","0.01umphe","b-actin",19.34,3
"C1","0.1umphe","b-actin",19.24,3
"D1","1umphe","b-actin",19.21,3
"E1","10umphe","b-actin",19.32,3
"G1","20umphe","b-actin",18.66,3
"A2","mir+vehcon","b-actin",19.2,3
"B2","0.01umphe","b-actin",19.39,3
"C2","0.1umphe","b-actin",19.29,3
"D2","1umphe","b-actin",19.28,3
"E2","10umphe","b-actin",19.29,3
"G2","20umphe","b-actin",18.75,3
"A3","mir+vehcon","b-actin",19.26,3
"B3","0.01umphe","b-actin",19.42,3
"C3","0.1umphe","b-actin",19.21,3
"D3","1umphe","b-actin",19.29,3
"E3","10umphe","b-actin",19.2,3
"G3","20umphe","b-actin",18.83,3
"A4","mir+vehcon","CYP1A1",33.74,3
"B4","0.01umphe","CYP1A1",33.53,3
"C4","0.1umphe","CYP1A1",33.99,3
"D4","1umphe","CYP1A1",34.96,3
"E4","10umphe","CYP1A1",34.12,3
"G4","20umphe","CYP1A1",33.24,3
"A5","mir+vehcon","CYP1A1",33.58,3
"B5","0.01umphe","CYP1A1",34.53,3
"C5","0.1umphe","CYP1A1",34.11,3
"D5","1umphe","CYP1A1",33.93,3
"E5","10umphe","CYP1A1",34.12,3
"G5","20umphe","CYP1A1",32.78,3
"A6","mir+vehcon","CYP1A1",34.34,3
"B6","0.01umphe","CYP1A1",34.2,3
"C6","0.1umphe","CYP1A1",33.88,3
"D6","1umphe","CYP1A1",34.75,3
"E6","10umphe","CYP1A1",34.12,3
"G6","20umphe","CYP1A1",33.05,3
"A7","mir+vehcon","b-actin",19.95,3
"B7","0.01umphe","b-actin",20.15,3
"C7","0.1umphe","b-actin",20.08,3
"D7","1umphe","b-actin",19.99,3
"E7","10umphe","b-actin",19.94,3
"G7","20umphe","b-actin",19.46,3
"A8","mir+vehcon","b-actin",19.95,3
"B8","0.01umphe","b-actin",20.07,3
"C8","0.1umphe","b-actin",20.09,3
"D8","1umphe","b-actin",20.06,3
"E8","10umphe","b-actin",20.01,3
"G8","20umphe","b-actin",19.51,3
"A9","mir+vehcon","b-actin",20.02,3
"B9","0.01umphe","b-actin",20.14,3
"C9","0.1umphe","b-actin",19.97,3
"D9","1umphe","b-actin",19.92,3
"E9","10umphe","b-actin",19.79,3
"G9","20umphe","b-actin",19.43,3
"A10","mir+vehcon","Adiponectin",22.53,3
"B10","0.01umphe","Adiponectin",22.76,3
"C10","0.1umphe","Adiponectin",22.09,3
"D10","1umphe","Adiponectin",22.63,3
"E10","10umphe","Adiponectin",22.05,3
"G10","20umphe","Adiponectin",21.13,3
"A11","mir+vehcon","Adiponectin",23.2,3
"B11","0.01umphe","Adiponectin",22.63,3
"C11","0.1umphe","Adiponectin",22.16,3
"D11","1umphe","Adiponectin",22.63,3
"E11","10umphe","Adiponectin",22.31,3
"G11","20umphe","Adiponectin",21.18,3
"A12","mir+vehcon","Adiponectin",23.13,3
"B12","0.01umphe","Adiponectin",22.8,3
"C12","0.1umphe","Adiponectin",22.2,3
"D12","1umphe","Adiponectin",22.64,3
"E12","10umphe","Adiponectin",22.18,3
"G12","20umphe","Adiponectin",21.2,3
"A1","mir+vehcon","b-actin",19.32,1
"B1","0.01umphe","b-actin",19.23,1
"C1","0.1umphe","b-actin",18.88,1
"D1","1umphe","b-actin",19.49,1
"E1","10umphe","b-actin",19.23,1
"G1","20umphe","b-actin",19.52,1
"A2","mir+vehcon","b-actin",19.28,1
"B2","0.01umphe","b-actin",19.19,1
"C2","0.1umphe","b-actin",18.96,1
"D2","1umphe","b-actin",19.55,1
"E2","10umphe","b-actin",19.2,1
"G2","20umphe","b-actin",19.15,1
"A3","mir+vehcon","b-actin",19.39,1
"B3","0.01umphe","b-actin",19.2,1
"C3","0.1umphe","b-actin",18.89,1
"D3","1umphe","b-actin",19.47,1
"E3","10umphe","b-actin",19.13,1
"G3","20umphe","b-actin",19.17,1
"A4","mir+vehcon","Resistin",23.77,1
"B4","0.01umphe","Resistin",23.59,1
"C4","0.1umphe","Resistin",24.19,1
"D4","1umphe","Resistin",24.05,1
"E4","10umphe","Resistin",24.2,1
"G4","20umphe","Resistin",25.04,1
"A5","mir+vehcon","Resistin",24.04,1
"B5","0.01umphe","Resistin",23.89,1
"C5","0.1umphe","Resistin",24.23,1
"D5","1umphe","Resistin",24.48,1
"E5","10umphe","Resistin",24.12,1
"G5","20umphe","Resistin",25.14,1
"A6","mir+vehcon","Resistin",24.2,1
"B6","0.01umphe","Resistin",24.2,1
"C6","0.1umphe","Resistin",26.49,1
"D6","1umphe","Resistin",24.2,1
"E6","10umphe","Resistin",24.2,1
"G6","20umphe","Resistin",25.02,1
"A1","mir+vehcon","b-actin",19.48,2
"B1","0.01umphe","b-actin",19.51,2
"C1","0.1umphe","b-actin",19.58,2
"D1","1umphe","b-actin",19.53,2
"E1","10umphe","b-actin",19.58,2
"G1","20umphe","b-actin",19.48,2
"A2","mir+vehcon","b-actin",19.46,2
"B2","0.01umphe","b-actin",19.46,2
"C2","0.1umphe","b-actin",19.52,2
"D2","1umphe","b-actin",19.52,2
"E2","10umphe","b-actin",19.65,2
"G2","20umphe","b-actin",19.43,2
"A3","mir+vehcon","b-actin",19.44,2
"B3","0.01umphe","b-actin",19.47,2
"C3","0.1umphe","b-actin",19.34,2
"D3","1umphe","b-actin",19.45,2
"E3","10umphe","b-actin",19.48,2
"G3","20umphe","b-actin",19.47,2
"A4","mir+vehcon","Resistin",24.18,2
"B4","0.01umphe","Resistin",24.61,2
"C4","0.1umphe","Resistin",25.16,2
"D4","1umphe","Resistin",25.13,2
"E4","10umphe","Resistin",24.22,2
"G4","20umphe","Resistin",24.74,2
"A5","mir+vehcon","Resistin",24.36,2
"B5","0.01umphe","Resistin",24.71,2
"C5","0.1umphe","Resistin",25.16,2
"D5","1umphe","Resistin",25.18,2
"E5","10umphe","Resistin",24.27,2
"G5","20umphe","Resistin",24.72,2
"A6","mir+vehcon","Resistin",24.56,2
"B6","0.01umphe","Resistin",25.01,2
"C6","0.1umphe","Resistin",25.18,2
"D6","1umphe","Resistin",25.17,2
"E6","10umphe","Resistin",24.29,2
"G6","20umphe","Resistin",24.37,2
"A1","mir+vehcon","b-actin",19.95,3
"B1","0.01umphe","b-actin",20.15,3
"C1","0.1umphe","b-actin",20.08,3
"D1","1umphe","b-actin",19.99,3
"E1","10umphe","b-actin",19.94,3
"G1","20umphe","b-actin",19.46,3
"A2","mir+vehcon","b-actin",19.95,3
"B2","0.01umphe","b-actin",20.07,3
"C2","0.1umphe","b-actin",20.09,3
"D2","1umphe","b-actin",20.06,3
"E2","10umphe","b-actin",20.01,3
"G2","20umphe","b-actin",19.51,3
"A3","mir+vehcon","b-actin",20.02,3
"B3","0.01umphe","b-actin",20.14,3
"C3","0.1umphe","b-actin",19.97,3
"D3","1umphe","b-actin",19.92,3
"E3","10umphe","b-actin",19.79,3
"G3","20umphe","b-actin",19.43,3
"A4","mir+vehcon","Resistin",25.35,3
"B4","0.01umphe","Resistin",26.3,3
"C4","0.1umphe","Resistin",25.57,3
"D4","1umphe","Resistin",26.49,3
"E4","10umphe","Resistin",25.45,3
"G4","20umphe","Resistin",25.19,3
"A5","mir+vehcon","Resistin",25.74,3
"B5","0.01umphe","Resistin",26.2,3
"C5","0.1umphe","Resistin",25.63,3
"D5","1umphe","Resistin",27.01,3
"E5","10umphe","Resistin",25.96,3
"G5","20umphe","Resistin",25.08,3
"A6","mir+vehcon","Resistin",25.68,3
"B6","0.01umphe","Resistin",26.37,3
"C6","0.1umphe","Resistin",25.62,3
"D6","1umphe","Resistin",26.58,3
"E6","10umphe","Resistin",25.4,3
"G6","20umphe","Resistin",25.05,3
"A1","mir+vehcon","b-actin",21.11,1
"B1","0.01um9p","b-actin",21.4,1
"C1","0.1um9p","b-actin",21.4,1
"D1","1um9p","b-actin",21.55,1
"E1","10um9p","b-actin",21.45,1
"G1","20um9p","b-actin",20.75,1
"A2","mir+vehcon","b-actin",21.17,1
"B2","0.01um9p","b-actin",21.42,1
"C2","0.1um9p","b-actin",21.45,1
"D2","1um9p","b-actin",21.72,1
"E2","10um9p","b-actin",21.48,1
"G2","20um9p","b-actin",20.81,1
"A3","mir+vehcon","b-actin",21.13,1
"B3","0.01um9p","b-actin",21.35,1
"C3","0.1um9p","b-actin",21.39,1
"D3","1um9p","b-actin",21.59,1
"E3","10um9p","b-actin",21.34,1
"G3","20um9p","b-actin",21.17,1
"A4","mir+vehcon","FABP4",19.3,1
"B4","0.01um9p","FABP4",19.3,1
"C4","0.1um9p","FABP4",19.19,1
"D4","1um9p","FABP4",19.14,1
"E4","10um9p","FABP4",19.24,1
"G4","20um9p","FABP4",20.81,1
"A5","mir+vehcon","FABP4",19.39,1
"B5","0.01um9p","FABP4",19.42,1
"C5","0.1um9p","FABP4",19.26,1
"D5","1um9p","FABP4",19.32,1
"E5","10um9p","FABP4",19.38,1
"G5","20um9p","FABP4",21.02,1
"A6","mir+vehcon","FABP4",19.53,1
"B6","0.01um9p","FABP4",19.35,1
"C6","0.1um9p","FABP4",19.32,1
"D6","1um9p","FABP4",19.29,1
"E6","10um9p","FABP4",19.22,1
"G6","20um9p","FABP4",21.28,1
"A7","mir+vehcon","b-actin",21.11,1
"B7","0.01um9p","b-actin",21.4,1
"C7","0.1um9p","b-actin",21.4,1
"D7","1um9p","b-actin",21.55,1
"E7","10um9p","b-actin",21.45,1
"G7","20um9p","b-actin",20.75,1
"A8","mir+vehcon","b-actin",21.17,1
"B8","0.01um9p","b-actin",21.42,1
"C8","0.1um9p","b-actin",21.45,1
"D8","1um9p","b-actin",21.72,1
"E8","10um9p","b-actin",21.48,1
"G8","20um9p","b-actin",20.81,1
"A9","mir+vehcon","b-actin",21.13,1
"B9","0.01um9p","b-actin",21.35,1
"C9","0.1um9p","b-actin",21.39,1
"D9","1um9p","b-actin",21.59,1
"E9","10um9p","b-actin",21.34,1
"G9","20um9p","b-actin",21.17,1
"A10","mir+vehcon","PPARγ",24.95,1
"B10","0.01um9p","PPARγ",25.29,1
"C10","0.1um9p","PPARγ",25.03,1
"D10","1um9p","PPARγ",24.98,1
"E10","10um9p","PPARγ",25.35,1
"G10","20um9p","PPARγ",26.18,1
"A11","mir+vehcon","PPARγ",25.02,1
"B11","0.01um9p","PPARγ",25.13,1
"C11","0.1um9p","PPARγ",25.2,1
"D11","1um9p","PPARγ",24.88,1
"E11","10um9p","PPARγ",25.49,1
"G11","20um9p","PPARγ",26.19,1
"A12","mir+vehcon","PPARγ",25.04,1
"B12","0.01um9p","PPARγ",25.2,1
"C12","0.1um9p","PPARγ",25.08,1
"D12","1um9p","PPARγ",25.01,1
"E12","10um9p","PPARγ",25.55,1
"G12","20um9p","PPARγ",26.45,1
"A1","mir+vehcon","b-actin",21.74,2
"B1","0.01um9p","b-actin",22.13,2
"C1","0.1um9p","b-actin",21.83,2
"D1","1um9p","b-actin",21.97,2
"E1","10um9p","b-actin",21.37,2
"G1","20um9p","b-actin",21.28,2
"A2","mir+vehcon","b-actin",21.63,2
"B2","0.01um9p","b-actin",22.13,2
"C2","0.1um9p","b-actin",22.09,2
"D2","1um9p","b-actin",22.21,2
"E2","10um9p","b-actin",21.46,2
"G2","20um9p","b-actin",21.35,2
"A3","mir+vehcon","b-actin",21.81,2
"B3","0.01um9p","b-actin",22.07,2
"C3","0.1um9p","b-actin",21.9,2
"D3","1um9p","b-actin",22.13,2
"E3","10um9p","b-actin",21.31,2
"G3","20um9p","b-actin",21.38,2
"A4","mir+vehcon","FABP4",20.18,2
"B4","0.01um9p","FABP4",20.84,2
"C4","0.1um9p","FABP4",19.55,2
"D4","1um9p","FABP4",20.22,2
"E4","10um9p","FABP4",19.77,2
"G4","20um9p","FABP4",20.02,2
"A5","mir+vehcon","FABP4",20.71,2
"B5","0.01um9p","FABP4",20.63,2
"D5","1um9p","FABP4",20.4,2
"E5","10um9p","FABP4",20.08,2
"G5","20um9p","FABP4",21.16,2
"A6","mir+vehcon","FABP4",20.61,2
"C6","0.1um9p","FABP4",19.69,2
"D6","1um9p","FABP4",20.25,2
"E6","10um9p","FABP4",20.63,2
"G6","20um9p","FABP4",20.91,2
"A7","mir+vehcon","b-actin",21.74,2
"B7","0.01um9p","b-actin",22.13,2
"C7","0.1um9p","b-actin",21.83,2
"D7","1um9p","b-actin",21.97,2
"E7","10um9p","b-actin",21.37,2
"G7","20um9p","b-actin",21.28,2
"A8","mir+vehcon","b-actin",21.63,2
"B8","0.01um9p","b-actin",22.13,2
"C8","0.1um9p","b-actin",22.09,2
"D8","1um9p","b-actin",22.21,2
"E8","10um9p","b-actin",21.46,2
"G8","20um9p","b-actin",21.35,2
"A9","mir+vehcon","b-actin",21.81,2
"B9","0.01um9p","b-actin",22.07,2
"C9","0.1um9p","b-actin",21.9,2
"D9","1um9p","b-actin",22.13,2
"E9","10um9p","b-actin",21.31,2
"G9","20um9p","b-actin",21.38,2
"A10","mir+vehcon","PPARγ",25.26,2
"B10","0.01um9p","PPARγ",25.82,2
"C10","0.1um9p","PPARγ",25.41,2
"D10","1um9p","PPARγ",25.72,2
"E10","10um9p","PPARγ",25.33,2
"G10","20um9p","PPARγ",26,2
"A11","mir+vehcon","PPARγ",25.79,2
"B11","0.01um9p","PPARγ",25.87,2
"C11","0.1um9p","PPARγ",25.52,2
"D11","1um9p","PPARγ",25.81,2
"E11","10um9p","PPARγ",25.44,2
"G11","20um9p","PPARγ",26.11,2
"A12","mir+vehcon","PPARγ",25.56,2
"B12","0.01um9p","PPARγ",25.97,2
"C12","0.1um9p","PPARγ",25.52,2
"D12","1um9p","PPARγ",25.83,2
"E12","10um9p","PPARγ",25.47,2
"G12","20um9p","PPARγ",26.16,2
"A1","mir+vehcon","b-actin",20.13,3
"B1","0.01um9p","b-actin",20.08,3
"C1","0.1um9p","b-actin",20.17,3
"D1","1um9p","b-actin",20.25,3
"E1","10um9p","b-actin",20.14,3
"G1","20um9p","b-actin",20.18,3
"A2","mir+vehcon","b-actin",20.23,3
"B2","0.01um9p","b-actin",20.29,3
"C2","0.1um9p","b-actin",20.17,3
"D2","1um9p","b-actin",20.31,3
"E2","10um9p","b-actin",20.38,3
"G2","20um9p","b-actin",20.07,3
"A3","mir+vehcon","b-actin",20.14,3
"B3","0.01um9p","b-actin",20.13,3
"C3","0.1um9p","b-actin",20.11,3
"D3","1um9p","b-actin",20.53,3
"E3","10um9p","b-actin",20.27,3
"G3","20um9p","b-actin",20.3,3
"A4","mir+vehcon","FABP4",19.26,3
"B4","0.01um9p","FABP4",19.62,3
"C4","0.1um9p","FABP4",19.32,3
"D4","1um9p","FABP4",19.43,3
"E4","10um9p","FABP4",19.26,3
"G4","20um9p","FABP4",20.32,3
"A5","mir+vehcon","FABP4",19.67,3
"B5","0.01um9p","FABP4",19.82,3
"C5","0.1um9p","FABP4",19.41,3
"D5","1um9p","FABP4",19.8,3
"E5","10um9p","FABP4",19.49,3
"G5","20um9p","FABP4",20.4,3
"A6","mir+vehcon","FABP4",19.67,3
"B6","0.01um9p","FABP4",19.7,3
"C6","0.1um9p","FABP4",19.49,3
"D6","1um9p","FABP4",19.49,3
"E6","10um9p","FABP4",19.51,3
"G6","20um9p","FABP4",21.07,3
"A7","mir+vehcon","b-actin",20.13,3
"B7","0.01um9p","b-actin",20.08,3
"C7","0.1um9p","b-actin",20.17,3
"D7","1um9p","b-actin",20.25,3
"E7","10um9p","b-actin",20.14,3
"G7","20um9p","b-actin",20.18,3
"A8","mir+vehcon","b-actin",20.23,3
"B8","0.01um9p","b-actin",20.29,3
"C8","0.1um9p","b-actin",20.17,3
"D8","1um9p","b-actin",20.31,3
"E8","10um9p","b-actin",20.38,3
"G8","20um9p","b-actin",20.07,3
"A9","mir+vehcon","b-actin",20.14,3
"B9","0.01um9p","b-actin",20.13,3
"C9","0.1um9p","b-actin",20.11,3
"D9","1um9p","b-actin",20.53,3
"E9","10um9p","b-actin",20.27,3
"G9","20um9p","b-actin",20.3,3
"A10","mir+vehcon","PPARγ",25.11,3
"B10","0.01um9p","PPARγ",25.4,3
"C10","0.1um9p","PPARγ",25.13,3
"D10","1um9p","PPARγ",25.24,3
"E10","10um9p","PPARγ",25.17,3
"G10","20um9p","PPARγ",26.15,3
"A11","mir+vehcon","PPARγ",25,3
"B11","0.01um9p","PPARγ",25.24,3
"C11","0.1um9p","PPARγ",25.47,3
"D11","1um9p","PPARγ",25.29,3
"E11","10um9p","PPARγ",25.3,3
"G11","20um9p","PPARγ",26.26,3
"A12","mir+vehcon","PPARγ",25.38,3
"B12","0.01um9p","PPARγ",25.36,3
"C12","0.1um9p","PPARγ",25.4,3
"D12","1um9p","PPARγ",25.29,3
"E12","10um9p","PPARγ",25.31,3
"G12","20um9p","PPARγ",26.29,3
"A1","mir+vehcon","b-actin",21.11,1
"B1","0.01um9p","b-actin",21.4,1
"C1","0.1um9p","b-actin",21.4,1
"D1","1um9p","b-actin",21.55,1
"E1","10um9p","b-actin",21.45,1
"G1","20um9p","b-actin",20.75,1
"A2","mir+vehcon","b-actin",21.17,1
"B2","0.01um9p","b-actin",21.42,1
"C2","0.1um9p","b-actin",21.45,1
"D2","1um9p","b-actin",21.72,1
"E2","10um9p","b-actin",21.48,1
"G2","20um9p","b-actin",20.81,1
"A3","mir+vehcon","b-actin",21.13,1
"B3","0.01um9p","b-actin",21.35,1
"C3","0.1um9p","b-actin",21.39,1
"D3","1um9p","b-actin",21.59,1
"E3","10um9p","b-actin",21.34,1
"G3","20um9p","b-actin",21.17,1
"A4","mir+vehcon","LPL",20.5,1
"B4","0.01um9p","LPL",20.76,1
"C4","0.1um9p","LPL",20.76,1
"D4","1um9p","LPL",20.58,1
"E4","10um9p","LPL",20.57,1
"G4","20um9p","LPL",21.32,1
"A5","mir+vehcon","LPL",20.61,1
"B5","0.01um9p","LPL",20.76,1
"C5","0.1um9p","LPL",20.91,1
"D5","1um9p","LPL",21.08,1
"E5","10um9p","LPL",21.03,1
"G5","20um9p","LPL",21.43,1
"A6","mir+vehcon","LPL",20.69,1
"B6","0.01um9p","LPL",20.84,1
"C6","0.1um9p","LPL",20.92,1
"D6","1um9p","LPL",20.76,1
"E6","10um9p","LPL",20.94,1
"G6","20um9p","LPL",21.22,1
"A7","mir+vehcon","b-actin",20.33,1
"B7","0.01um9p","b-actin",20.28,1
"C7","0.1um9p","b-actin",20.52,1
"D7","1um9p","b-actin",20.44,1
"E7","10um9p","b-actin",20.4,1
"G7","20um9p","b-actin",19.79,1
"A8","mir+vehcon","b-actin",20.19,1
"B8","0.01um9p","b-actin",20.27,1
"C8","0.1um9p","b-actin",20.42,1
"D8","1um9p","b-actin",20.43,1
"E8","10um9p","b-actin",20.47,1
"G8","20um9p","b-actin",19.64,1
"A9","mir+vehcon","b-actin",20.26,1
"B9","0.01um9p","b-actin",20.3,1
"C9","0.1um9p","b-actin",20.32,1
"D9","1um9p","b-actin",20.37,1
"E9","10um9p","b-actin",20.52,1
"G9","20um9p","b-actin",19.67,1
"A10","mir+vehcon","Plin",26.35,1
"B10","0.01um9p","Plin",26.67,1
"C10","0.1um9p","Plin",26.69,1
"D10","1um9p","Plin",26.55,1
"E10","10um9p","Plin",26.96,1
"G10","20um9p","Plin",27.61,1
"A11","mir+vehcon","Plin",27.39,1
"B11","0.01um9p","Plin",26.58,1
"C11","0.1um9p","Plin",27.09,1
"D11","1um9p","Plin",26.64,1
"E11","10um9p","Plin",27.37,1
"G11","20um9p","Plin",27.88,1
"A12","mir+vehcon","Plin",26.68,1
"B12","0.01um9p","Plin",26.57,1
"C12","0.1um9p","Plin",26.91,1
"D12","1um9p","Plin",26.66,1
"E12","10um9p","Plin",27.43,1
"G12","20um9p","Plin",27.52,1
"A1","mir+vehcon","b-actin",21.74,2
"B1","0.01um9p","b-actin",22.13,2
"C1","0.1um9p","b-actin",21.83,2
"D1","1um9p","b-actin",21.97,2
"E1","10um9p","b-actin",21.37,2
"G1","20um9p","b-actin",21.28,2
"A2","mir+vehcon","b-actin",21.63,2
"B2","0.01um9p","b-actin",22.13,2
"C2","0.1um9p","b-actin",22.09,2
"D2","1um9p","b-actin",22.21,2
"E2","10um9p","b-actin",21.46,2
"G2","20um9p","b-actin",21.35,2
"A3","mir+vehcon","b-actin",21.81,2
"B3","0.01um9p","b-actin",22.07,2
"C3","0.1um9p","b-actin",21.9,2
"D3","1um9p","b-actin",22.13,2
"E3","10um9p","b-actin",21.31,2
"G3","20um9p","b-actin",21.38,2
"A4","mir+vehcon","LPL",21.46,2
"B4","0.01um9p","LPL",21.95,2
"C4","0.1um9p","LPL",21.9,2
"D4","1um9p","LPL",21.93,2
"E4","10um9p","LPL",20.9,2
"G4","20um9p","LPL",21.44,2
"A5","mir+vehcon","LPL",21.92,2
"B5","0.01um9p","LPL",22.03,2
"C5","0.1um9p","LPL",21.76,2
"D5","1um9p","LPL",22.02,2
"E5","10um9p","LPL",21.16,2
"G5","20um9p","LPL",21.6,2
"A6","mir+vehcon","LPL",21.77,2
"B6","0.01um9p","LPL",22.14,2
"C6","0.1um9p","LPL",22.23,2
"D6","1um9p","LPL",21.91,2
"E6","10um9p","LPL",21.02,2
"G6","20um9p","LPL",21.52,2
"A7","mir+vehcon","b-actin",18.31,2
"B7","0.01um9p","b-actin",19.01,2
"C7","0.1um9p","b-actin",18.95,2
"D7","1um9p","b-actin",19,2
"E7","10um9p","b-actin",18.49,2
"G7","20um9p","b-actin",18.28,2
"A8","mir+vehcon","b-actin",18.54,2
"B8","0.01um9p","b-actin",19.04,2
"C8","0.1um9p","b-actin",18.94,2
"D8","1um9p","b-actin",19.09,2
"E8","10um9p","b-actin",18.55,2
"G8","20um9p","b-actin",18.29,2
"A9","mir+vehcon","b-actin",18.65,2
"B9","0.01um9p","b-actin",19.04,2
"C9","0.1um9p","b-actin",18.95,2
"D9","1um9p","b-actin",19.04,2
"E9","10um9p","b-actin",18.45,2
"G9","20um9p","b-actin",18.4,2
"A10","mir+vehcon","Plin",23.47,2
"B10","0.01um9p","Plin",24.31,2
"C10","0.1um9p","Plin",24.1,2
"D10","1um9p","Plin",24.26,2
"E10","10um9p","Plin",23.51,2
"G10","20um9p","Plin",23.63,2
"A11","mir+vehcon","Plin",23.98,2
"B11","0.01um9p","Plin",24.32,2
"C11","0.1um9p","Plin",24.21,2
"D11","1um9p","Plin",24.33,2
"E11","10um9p","Plin",24.21,2
"G11","20um9p","Plin",23.85,2
"A12","mir+vehcon","Plin",23.95,2
"B12","0.01um9p","Plin",24.35,2
"C12","0.1um9p","Plin",24.11,2
"D12","1um9p","Plin",24.2,2
"E12","10um9p","Plin",23.45,2
"G12","20um9p","Plin",24.51,2
"A1","mir+vehcon","b-actin",20.13,3
"B1","0.01um9p","b-actin",20.08,3
"C1","0.1um9p","b-actin",20.17,3
"D1","1um9p","b-actin",20.25,3
"E1","10um9p","b-actin",20.14,3
"G1","20um9p","b-actin",20.18,3
"A2","mir+vehcon","b-actin",20.23,3
"B2","0.01um9p","b-actin",20.29,3
"C2","0.1um9p","b-actin",20.17,3
"D2","1um9p","b-actin",20.31,3
"E2","10um9p","b-actin",20.38,3
"G2","20um9p","b-actin",20.07,3
"A3","mir+vehcon","b-actin",20.14,3
"B3","0.01um9p","b-actin",20.13,3
"C3","0.1um9p","b-actin",20.11,3
"D3","1um9p","b-actin",20.53,3
"E3","10um9p","b-actin",20.27,3
"G3","20um9p","b-actin",20.3,3
"A4","mir+vehcon","LPL",20.65,3
"B4","0.01um9p","LPL",20.76,3
"C4","0.1um9p","LPL",20.64,3
"D4","1um9p","LPL",20.51,3
"E4","10um9p","LPL",20.14,3
"G4","20um9p","LPL",20.77,3
"A5","mir+vehcon","LPL",20.53,3
"B5","0.01um9p","LPL",20.59,3
"C5","0.1um9p","LPL",20.51,3
"D5","1um9p","LPL",20.79,3
"E5","10um9p","LPL",20.33,3
"G5","20um9p","LPL",20.86,3
"A6","mir+vehcon","LPL",20.55,3
"B6","0.01um9p","LPL",20.91,3
"C6","0.1um9p","LPL",20.38,3
"D6","1um9p","LPL",20.56,3
"E6","10um9p","LPL",20.3,3
"G6","20um9p","LPL",20.55,3
"A7","mir+vehcon","b-actin",19.92,3
"B7","0.01um9p","b-actin",19.33,3
"C7","0.1um9p","b-actin",19.74,3
"D7","1um9p","b-actin",19.62,3
"E7","10um9p","b-actin",19.89,3
"G7","20um9p","b-actin",19.25,3
"A8","mir+vehcon","b-actin",19.59,3
"B8","0.01um9p","b-actin",19.33,3
"C8","0.1um9p","b-actin",19.67,3
"D8","1um9p","b-actin",19.59,3
"E8","10um9p","b-actin",19.93,3
"G8","20um9p","b-actin",19.29,3
"A9","mir+vehcon","b-actin",19.8,3
"B9","0.01um9p","b-actin",19.32,3
"C9","0.1um9p","b-actin",19.76,3
"D9","1um9p","b-actin",19.53,3
"E9","10um9p","b-actin",19.79,3
"G9","20um9p","b-actin",19.47,3
"A10","mir+vehcon","Plin",25.42,3
"B10","0.01um9p","Plin",25.75,3
"C10","0.1um9p","Plin",26.23,3
"D10","1um9p","Plin",25.48,3
"E10","10um9p","Plin",25.76,3
"G10","20um9p","Plin",25.3,3
"A11","mir+vehcon","Plin",26.16,3
"B11","0.01um9p","Plin",25.95,3
"C11","0.1um9p","Plin",26.17,3
"D11","1um9p","Plin",25.86,3
"E11","10um9p","Plin",26.04,3
"G11","20um9p","Plin",26.39,3
"A12","mir+vehcon","Plin",25.9,3
"B12","0.01um9p","Plin",25.83,3
"C12","0.1um9p","Plin",26.28,3
"D12","1um9p","Plin",25.49,3
"E12","10um9p","Plin",25.9,3
"G12","20um9p","Plin",26.02,3
"A1","mir+vehcon","b-actin",19.61,1
"B1","0.01um9p","b-actin",19.69,1
"C1","0.1um9p","b-actin",19.97,1
"D1","1um9p","b-actin",19.86,1
"E1","10um9p","b-actin",20.06,1
"G1","20um9p","b-actin",20.39,1
"A2","mir+vehcon","b-actin",19.56,1
"B2","0.01um9p","b-actin",19.57,1
"C2","0.1um9p","b-actin",19.78,1
"D2","1um9p","b-actin",19.93,1
"E2","10um9p","b-actin",19.95,1
"G2","20um9p","b-actin",19.1,1
"A3","mir+vehcon","b-actin",19.55,1
"B3","0.01um9p","b-actin",19.62,1
"C3","0.1um9p","b-actin",19.71,1
"D3","1um9p","b-actin",19.82,1
"E3","10um9p","b-actin",20.02,1
"G3","20um9p","b-actin",19.11,1
"A4","mir+vehcon","CEBPA",29.25,1
"B4","0.01um9p","CEBPA",29.08,1
"C4","0.1um9p","CEBPA",29,1
"D4","1um9p","CEBPA",28.55,1
"E4","10um9p","CEBPA",28.36,1
"G4","20um9p","CEBPA",28.94,1
"A5","mir+vehcon","CEBPA",29.16,1
"B5","0.01um9p","CEBPA",29.33,1
"C5","0.1um9p","CEBPA",29.08,1
"D5","1um9p","CEBPA",28.68,1
"E5","10um9p","CEBPA",29.07,1
"G5","20um9p","CEBPA",29.14,1
"A6","mir+vehcon","CEBPA",29.1,1
"B6","0.01um9p","CEBPA",28.87,1
"C6","0.1um9p","CEBPA",28.97,1
"D6","1um9p","CEBPA",28.71,1
"E6","10um9p","CEBPA",28.6,1
"G6","20um9p","CEBPA",28.95,1
"A7","mir+vehcon","b-actin",20.33,1
"B7","0.01um9p","b-actin",20.28,1
"C7","0.1um9p","b-actin",20.52,1
"D7","1um9p","b-actin",20.44,1
"E7","10um9p","b-actin",20.4,1
"G7","20um9p","b-actin",19.79,1
"A8","mir+vehcon","b-actin",20.19,1
"B8","0.01um9p","b-actin",20.27,1
"C8","0.1um9p","b-actin",20.42,1
"D8","1um9p","b-actin",20.43,1
"E8","10um9p","b-actin",20.47,1
"G8","20um9p","b-actin",19.64,1
"A9","mir+vehcon","b-actin",20.26,1
"B9","0.01um9p","b-actin",20.3,1
"C9","0.1um9p","b-actin",20.32,1
"D9","1um9p","b-actin",20.37,1
"E9","10um9p","b-actin",20.52,1
"G9","20um9p","b-actin",19.67,1
"A10","mir+vehcon","AhR",29.69,1
"B10","0.01um9p","AhR",29.46,1
"C10","0.1um9p","AhR",30.02,1
"D10","1um9p","AhR",29.68,1
"E10","10um9p","AhR",29.3,1
"G10","20um9p","AhR",28.69,1
"A11","mir+vehcon","AhR",29.54,1
"B11","0.01um9p","AhR",29.63,1
"C11","0.1um9p","AhR",30.08,1
"D11","1um9p","AhR",29.76,1
"E11","10um9p","AhR",29.26,1
"G11","20um9p","AhR",28.41,1
"A12","mir+vehcon","AhR",29.63,1
"B12","0.01um9p","AhR",29.68,1
"C12","0.1um9p","AhR",30.25,1
"D12","1um9p","AhR",29.46,1
"E12","10um9p","AhR",29.4,1
"G12","20um9p","AhR",28.59,1
"A1","mir+vehcon","b-actin",19.21,2
"B1","0.01um9p","b-actin",19.48,2
"C1","0.1um9p","b-actin",19.53,2
"D1","1um9p","b-actin",19.62,2
"E1","10um9p","b-actin",19.13,2
"G1","20um9p","b-actin",19.02,2
"A2","mir+vehcon","b-actin",19.18,2
"B2","0.01um9p","b-actin",19.63,2
"C2","0.1um9p","b-actin",19.51,2
"D2","1um9p","b-actin",19.76,2
"E2","10um9p","b-actin",19.13,2
"G2","20um9p","b-actin",18.91,2
"A3","mir+vehcon","b-actin",19.25,2
"B3","0.01um9p","b-actin",19.56,2
"C3","0.1um9p","b-actin",19.46,2
"D3","1um9p","b-actin",19.64,2
"E3","10um9p","b-actin",19.04,2
"G3","20um9p","b-actin",18.94,2
"A4","mir+vehcon","CEBPA",26.63,2
"B4","0.01um9p","CEBPA",26.99,2
"C4","0.1um9p","CEBPA",26.45,2
"D4","1um9p","CEBPA",26.51,2
"E4","10um9p","CEBPA",25.35,2
"G4","20um9p","CEBPA",25.36,2
"A5","mir+vehcon","CEBPA",26.81,2
"B5","0.01um9p","CEBPA",27.36,2
"C5","0.1um9p","CEBPA",26.68,2
"D5","1um9p","CEBPA",26.83,2
"E5","10um9p","CEBPA",25.54,2
"G5","20um9p","CEBPA",25.8,2
"A6","mir+vehcon","CEBPA",26.7,2
"B6","0.01um9p","CEBPA",26.92,2
"C6","0.1um9p","CEBPA",26.73,2
"D6","1um9p","CEBPA",26.94,2
"E6","10um9p","CEBPA",25.77,2
"G6","20um9p","CEBPA",25.77,2
"A7","mir+vehcon","b-actin",18.31,2
"B7","0.01um9p","b-actin",19.01,2
"C7","0.1um9p","b-actin",18.95,2
"D7","1um9p","b-actin",19,2
"E7","10um9p","b-actin",18.49,2
"G7","20um9p","b-actin",18.28,2
"A8","mir+vehcon","b-actin",18.54,2
"B8","0.01um9p","b-actin",19.04,2
"C8","0.1um9p","b-actin",18.94,2
"D8","1um9p","b-actin",19.09,2
"E8","10um9p","b-actin",18.55,2
"G8","20um9p","b-actin",18.29,2
"A9","mir+vehcon","b-actin",18.65,2
"B9","0.01um9p","b-actin",19.04,2
"C9","0.1um9p","b-actin",18.95,2
"D9","1um9p","b-actin",19.04,2
"E9","10um9p","b-actin",18.45,2
"G9","20um9p","b-actin",18.4,2
"A10","mir+vehcon","AhR",28.28,2
"B10","0.01um9p","AhR",28.73,2
"C10","0.1um9p","AhR",28.6,2
"D10","1um9p","AhR",28.69,2
"E10","10um9p","AhR",27.94,2
"G10","20um9p","AhR",27.24,2
"A11","mir+vehcon","AhR",28.09,2
"B11","0.01um9p","AhR",28.64,2
"C11","0.1um9p","AhR",28.64,2
"D11","1um9p","AhR",28.99,2
"E11","10um9p","AhR",28.06,2
"G11","20um9p","AhR",27.19,2
"A12","mir+vehcon","AhR",28.11,2
"B12","0.01um9p","AhR",28.58,2
"C12","0.1um9p","AhR",28.64,2
"D12","1um9p","AhR",28.67,2
"E12","10um9p","AhR",27.81,2
"G12","20um9p","AhR",27.07,2
"A1","mir+vehcon","b-actin",19.27,3
"B1","0.01um9p","b-actin",19,3
"C1","0.1um9p","b-actin",19.39,3
"D1","1um9p","b-actin",19.11,3
"E1","10um9p","b-actin",19.46,3
"G1","20um9p","b-actin",19.12,3
"A2","mir+vehcon","b-actin",19.35,3
"B2","0.01um9p","b-actin",19.12,3
"C2","0.1um9p","b-actin",19.3,3
"D2","1um9p","b-actin",19.27,3
"E2","10um9p","b-actin",19.49,3
"G2","20um9p","b-actin",19.1,3
"A3","mir+vehcon","b-actin",19.3,3
"B3","0.01um9p","b-actin",19.24,3
"C3","0.1um9p","b-actin",19.23,3
"D3","1um9p","b-actin",19.15,3
"E3","10um9p","b-actin",19.42,3
"G3","20um9p","b-actin",19.1,3
"A4","mir+vehcon","CEBPA",28.16,3
"B4","0.01um9p","CEBPA",27.71,3
"C4","0.1um9p","CEBPA",27.79,3
"D4","1um9p","CEBPA",27.21,3
"E4","10um9p","CEBPA",27.49,3
"G4","20um9p","CEBPA",27.51,3
"A5","mir+vehcon","CEBPA",28.31,3
"B5","0.01um9p","CEBPA",27.51,3
"C5","0.1um9p","CEBPA",27.92,3
"D5","1um9p","CEBPA",27.63,3
"E5","10um9p","CEBPA",28.27,3
"G5","20um9p","CEBPA",27.38,3
"A6","mir+vehcon","CEBPA",27.84,3
"B6","0.01um9p","CEBPA",27.51,3
"C6","0.1um9p","CEBPA",27.82,3
"D6","1um9p","CEBPA",27.35,3
"E6","10um9p","CEBPA",27.59,3
"G6","20um9p","CEBPA",27.38,3
"A7","mir+vehcon","b-actin",19.92,3
"B7","0.01um9p","b-actin",19.33,3
"C7","0.1um9p","b-actin",19.74,3
"D7","1um9p","b-actin",19.62,3
"E7","10um9p","b-actin",19.89,3
"G7","20um9p","b-actin",19.25,3
"A8","mir+vehcon","b-actin",19.59,3
"B8","0.01um9p","b-actin",19.33,3
"C8","0.1um9p","b-actin",19.67,3
"D8","1um9p","b-actin",19.59,3
"E8","10um9p","b-actin",19.93,3
"G8","20um9p","b-actin",19.29,3
"A9","mir+vehcon","b-actin",19.8,3
"B9","0.01um9p","b-actin",19.32,3
"C9","0.1um9p","b-actin",19.76,3
"D9","1um9p","b-actin",19.53,3
"E9","10um9p","b-actin",19.79,3
"G9","20um9p","b-actin",19.47,3
"A10","mir+vehcon","AhR",28.8,3
"B10","0.01um9p","AhR",28.48,3
"C10","0.1um9p","AhR",28.53,3
"D10","1um9p","AhR",28.24,3
"E10","10um9p","AhR",28.24,3
"G10","20um9p","AhR",27.19,3
"A11","mir+vehcon","AhR",28.74,3
"B11","0.01um9p","AhR",28.42,3
"C11","0.1um9p","AhR",28.42,3
"D11","1um9p","AhR",28.35,3
"E11","10um9p","AhR",28.19,3
"G11","20um9p","AhR",27.2,3
"A12","mir+vehcon","AhR",28.85,3
"B12","0.01um9p","AhR",28.18,3
"C12","0.1um9p","AhR",28.44,3
"D12","1um9p","AhR",28.38,3
"E12","10um9p","AhR",28.02,3
"G12","20um9p","AhR",27.21,3
"A1","mir+vehcon","b-actin",20.33,1
"B1","0.01um9p","b-actin",20.28,1
"C1","0.1um9p","b-actin",20.52,1
"D1","1um9p","b-actin",20.44,1
"E1","10um9p","b-actin",20.4,1
"G1","20um9p","b-actin",19.79,1
"A2","mir+vehcon","b-actin",20.19,1
"B2","0.01um9p","b-actin",20.27,1
"C2","0.1um9p","b-actin",20.42,1
"D2","1um9p","b-actin",20.43,1
"E2","10um9p","b-actin",20.47,1
"G2","20um9p","b-actin",19.64,1
"A3","mir+vehcon","b-actin",20.26,1
"B3","0.01um9p","b-actin",20.3,1
"C3","0.1um9p","b-actin",20.32,1
"D3","1um9p","b-actin",20.37,1
"E3","10um9p","b-actin",20.52,1
"G3","20um9p","b-actin",19.67,1
"A4","mir+vehcon","CYP1A1",38.21,1
"B4","0.01um9p","CYP1A1",37.46,1
"C4","0.1um9p","CYP1A1",36.57,1
"D4","1um9p","CYP1A1",36.8,1
"E4","10um9p","CYP1A1",36.35,1
"G4","20um9p","CYP1A1",36.78,1
"A5","mir+vehcon","CYP1A1",38.31,1
"B5","0.01um9p","CYP1A1",36.48,1
"C5","0.1um9p","CYP1A1",39.46,1
"D5","1um9p","CYP1A1",35.54,1
"E5","10um9p","CYP1A1",37.17,1
"G5","20um9p","CYP1A1",38.42,1
"A6","mir+vehcon","CYP1A1",37.17,1
"B6","0.01um9p","CYP1A1",37.43,1
"C6","0.1um9p","CYP1A1",36.44,1
"D6","1um9p","CYP1A1",37.43,1
"E6","10um9p","CYP1A1",36.77,1
"G6","20um9p","CYP1A1",35.69,1
"A7","mir+vehcon","b-actin",19.61,1
"B7","0.01um9p","b-actin",19.69,1
"C7","0.1um9p","b-actin",19.97,1
"D7","1um9p","b-actin",19.86,1
"E7","10um9p","b-actin",20.06,1
"G7","20um9p","b-actin",20.39,1
"A8","mir+vehcon","b-actin",19.56,1
"B8","0.01um9p","b-actin",19.57,1
"C8","0.1um9p","b-actin",19.78,1
"D8","1um9p","b-actin",19.93,1
"E8","10um9p","b-actin",19.95,1
"G8","20um9p","b-actin",19.1,1
"A9","mir+vehcon","b-actin",19.55,1
"B9","0.01um9p","b-actin",19.62,1
"C9","0.1um9p","b-actin",19.71,1
"D9","1um9p","b-actin",19.82,1
"E9","10um9p","b-actin",20.02,1
"G9","20um9p","b-actin",19.11,1
"A10","mir+vehcon","Adiponectin",21.93,1
"B10","0.01um9p","Adiponectin",21.8,1
"C10","0.1um9p","Adiponectin",21.74,1
"D10","1um9p","Adiponectin",21.22,1
"E10","10um9p","Adiponectin",21.57,1
"G10","20um9p","Adiponectin",23.16,1
"A11","mir+vehcon","Adiponectin",22,1
"B11","0.01um9p","Adiponectin",21.61,1
"C11","0.1um9p","Adiponectin",21.81,1
"D11","1um9p","Adiponectin",21.25,1
"E11","10um9p","Adiponectin",21.72,1
"G11","20um9p","Adiponectin",23.19,1
"A12","mir+vehcon","Adiponectin",21.94,1
"B12","0.01um9p","Adiponectin",21.79,1
"C12","0.1um9p","Adiponectin",21.8,1
"D12","1um9p","Adiponectin",21.21,1
"E12","10um9p","Adiponectin",21.64,1
"G12","20um9p","Adiponectin",23.19,1
"A1","mir+vehcon","b-actin",18.31,2
"B1","0.01um9p","b-actin",19.01,2
"C1","0.1um9p","b-actin",18.95,2
"D1","1um9p","b-actin",19,2
"E1","10um9p","b-actin",18.49,2
"G1","20um9p","b-actin",18.28,2
"A2","mir+vehcon","b-actin",18.54,2
"B2","0.01um9p","b-actin",19.04,2
"C2","0.1um9p","b-actin",18.94,2
"D2","1um9p","b-actin",19.09,2
"E2","10um9p","b-actin",18.55,2
"G2","20um9p","b-actin",18.29,2
"A3","mir+vehcon","b-actin",18.65,2
"B3","0.01um9p","b-actin",19.04,2
"C3","0.1um9p","b-actin",18.95,2
"D3","1um9p","b-actin",19.04,2
"E3","10um9p","b-actin",18.45,2
"G3","20um9p","b-actin",18.4,2
"A4","mir+vehcon","CYP1A1",35.26,2
"B4","0.01um9p","CYP1A1",35.73,2
"C4","0.1um9p","CYP1A1",36.06,2
"D4","1um9p","CYP1A1",35.68,2
"E4","10um9p","CYP1A1",33.45,2
"G4","20um9p","CYP1A1",33.47,2
"A5","mir+vehcon","CYP1A1",38.02,2
"B5","0.01um9p","CYP1A1",34.51,2
"C5","0.1um9p","CYP1A1",34.62,2
"D5","1um9p","CYP1A1",35.44,2
"E5","10um9p","CYP1A1",32.93,2
"G5","20um9p","CYP1A1",33.4,2
"A6","mir+vehcon","CYP1A1",34.3,2
"B6","0.01um9p","CYP1A1",37.61,2
"C6","0.1um9p","CYP1A1",34.69,2
"D6","1um9p","CYP1A1",36.15,2
"E6","10um9p","CYP1A1",33.64,2
"G6","20um9p","CYP1A1",32.83,2
"A7","mir+vehcon","b-actin",19.21,2
"B7","0.01um9p","b-actin",19.48,2
"C7","0.1um9p","b-actin",19.53,2
"D7","1um9p","b-actin",19.62,2
"E7","10um9p","b-actin",19.13,2
"G7","20um9p","b-actin",19.02,2
"A8","mir+vehcon","b-actin",19.18,2
"B8","0.01um9p","b-actin",19.63,2
"C8","0.1um9p","b-actin",19.51,2
"D8","1um9p","b-actin",19.76,2
"E8","10um9p","b-actin",19.13,2
"G8","20um9p","b-actin",18.91,2
"A9","mir+vehcon","b-actin",19.25,2
"B9","0.01um9p","b-actin",19.56,2
"C9","0.1um9p","b-actin",19.46,2
"D9","1um9p","b-actin",19.64,2
"E9","10um9p","b-actin",19.04,2
"G9","20um9p","b-actin",18.94,2
"A10","mir+vehcon","Adiponectin",20.91,2
"B10","0.01um9p","Adiponectin",21.37,2
"C10","0.1um9p","Adiponectin",20.95,2
"D10","1um9p","Adiponectin",21.11,2
"E10","10um9p","Adiponectin",20.03,2
"G10","20um9p","Adiponectin",20.22,2
"A11","mir+vehcon","Adiponectin",20.92,2
"B11","0.01um9p","Adiponectin",21.32,2
"C11","0.1um9p","Adiponectin",21.1,2
"D11","1um9p","Adiponectin",21.18,2
"E11","10um9p","Adiponectin",20.08,2
"G11","20um9p","Adiponectin",20.27,2
"A12","mir+vehcon","Adiponectin",20.78,2
"B12","0.01um9p","Adiponectin",21.36,2
"C12","0.1um9p","Adiponectin",21.02,2
"D12","1um9p","Adiponectin",21.13,2
"E12","10um9p","Adiponectin",19.93,2
"G12","20um9p","Adiponectin",20.22,2
"A1","mir+vehcon","b-actin",19.92,3
"B1","0.01um9p","b-actin",19.33,3
"C1","0.1um9p","b-actin",19.74,3
"D1","1um9p","b-actin",19.62,3
"E1","10um9p","b-actin",19.89,3
"G1","20um9p","b-actin",19.25,3
"A2","mir+vehcon","b-actin",19.59,3
"B2","0.01um9p","b-actin",19.33,3
"C2","0.1um9p","b-actin",19.67,3
"D2","1um9p","b-actin",19.59,3
"E2","10um9p","b-actin",19.93,3
"G2","20um9p","b-actin",19.29,3
"A3","mir+vehcon","b-actin",19.8,3
"B3","0.01um9p","b-actin",19.32,3
"C3","0.1um9p","b-actin",19.76,3
"D3","1um9p","b-actin",19.53,3
"E3","10um9p","b-actin",19.79,3
"G3","20um9p","b-actin",19.47,3
"A4","mir+vehcon","CYP1A1",34.43,3
"B4","0.01um9p","CYP1A1",34.31,3
"C4","0.1um9p","CYP1A1",34.23,3
"D4","1um9p","CYP1A1",34.9,3
"E4","10um9p","CYP1A1",33.92,3
"G4","20um9p","CYP1A1",33.55,3
"A5","mir+vehcon","CYP1A1",34.82,3
"B5","0.01um9p","CYP1A1",34.47,3
"C5","0.1um9p","CYP1A1",33.84,3
"D5","1um9p","CYP1A1",34.1,3
"E5","10um9p","CYP1A1",33.68,3
"G5","20um9p","CYP1A1",33.44,3
"A6","mir+vehcon","CYP1A1",35.16,3
"B6","0.01um9p","CYP1A1",33.92,3
"C6","0.1um9p","CYP1A1",34.5,3
"D6","1um9p","CYP1A1",34.62,3
"E6","10um9p","CYP1A1",34.59,3
"G6","20um9p","CYP1A1",34.2,3
"A7","mir+vehcon","b-actin",19.27,3
"B7","0.01um9p","b-actin",19,3
"C7","0.1um9p","b-actin",19.39,3
"D7","1um9p","b-actin",19.11,3
"E7","10um9p","b-actin",19.46,3
"G7","20um9p","b-actin",19.12,3
"A8","mir+vehcon","b-actin",19.35,3
"B8","0.01um9p","b-actin",19.12,3
"C8","0.1um9p","b-actin",19.3,3
"D8","1um9p","b-actin",19.27,3
"E8","10um9p","b-actin",19.49,3
"G8","20um9p","b-actin",19.1,3
"A9","mir+vehcon","b-actin",19.3,3
"B9","0.01um9p","b-actin",19.24,3
"C9","0.1um9p","b-actin",19.23,3
"D9","1um9p","b-actin",19.15,3
"E9","10um9p","b-actin",19.42,3
"G9","20um9p","b-actin",19.1,3
"A10","mir+vehcon","Adiponectin",22.25,3
"B10","0.01um9p","Adiponectin",22.06,3
"C10","0.1um9p","Adiponectin",21.83,3
"D10","1um9p","Adiponectin",21.87,3
"E10","10um9p","Adiponectin",21.27,3
"G10","20um9p","Adiponectin",21.35,3
"A11","mir+vehcon","Adiponectin",22.13,3
"B11","0.01um9p","Adiponectin",22.11,3
"C11","0.1um9p","Adiponectin",21.73,3
"D11","1um9p","Adiponectin",21.76,3
"E11","10um9p","Adiponectin",21.22,3
"G11","20um9p","Adiponectin",21.4,3
"A12","mir+vehcon","Adiponectin",22.24,3
"B12","0.01um9p","Adiponectin",21.97,3
"C12","0.1um9p","Adiponectin",21.73,3
"D12","1um9p","Adiponectin",21.65,3
"E12","10um9p","Adiponectin",21.22,3
"G12","20um9p","Adiponectin",21.4,3
